date,open,high,low,close,volume
2016-07-14,12.6,12.72,12.24,12.28,5361381
2016-07-15,12.31,12.47,11.85,11.9,5174826
2016-07-18,11.95,12,11.65,11.85,4384456
2016-07-19,11.98,11.98,10.985,11.01,9468669
2016-07-20,11.09,11.13,10.88,10.9,6044671
2016-07-21,11.09,11.49,11.03,11.23,7211503
2016-07-22,11.32,11.52,11.06,11.08,4989930
2016-07-25,11.11,11.5,11.0567,11.41,4933164
2016-07-26,11.41,11.54,11.25,11.32,4094044
2016-07-27,11.47,11.83,11.42,11.57,10651710
2016-07-28,12.15,13.28,11.7535,13.02,24144990
2016-07-29,12.88,12.89,12.23,12.64,11416580
2016-08-01,12.58,13.3,12.47,12.94,7627229
2016-08-02,12.9,13.32,12.53,12.55,6741919
2016-08-03,12.73,13.5,12.61,13.3,7598110
2016-08-04,13.5,13.8275,13.191,13.53,7028942
2016-08-05,13.59,14.14,13.59,13.77,7028163
2016-08-08,14,14.8,13.9611,14.29,10105640
2016-08-09,14.68,14.87,14.39,14.54,7261541
2016-08-10,14.67,14.68,13.93,14.14,6787920
2016-08-11,14.35,14.36,13.96,13.97,5203683
2016-08-12,14.03,14.33,13.828,14.3,4978086
2016-08-15,14.3,16.25,14.3,15.61,17270619
2016-08-16,15.7,16,15.25,15.39,8865678
2016-08-17,15.51,15.62,15.19,15.41,5290478
2016-08-18,15.43,15.49,14.9,15.12,5692153
2016-08-19,15.01,15.21,14.6,15.12,6261020
2016-08-22,14.98,15.9,14.9,15.2,6708201
2016-08-23,15.61,15.99,15.47,15.51,8029373
2016-08-24,15.79,15.8,14.91,15,6494400
2016-08-25,14.96,15.11,14.65,14.89,4047770
2016-08-26,14.9,15.18,14.51,14.72,4452581
2016-08-29,14.75,15.2,14.66,14.87,3643380
2016-08-30,15,15.32,14.75,14.86,4731199
2016-08-31,14.94,15.05,14.56,14.65,3844610
2016-09-01,14.94,14.95,14.14,14.53,5564388
2016-09-02,14.57,14.7,14.04,14.13,5783303
2016-09-06,14.22,14.66,14.1,14.57,4836110
2016-09-07,14.44,14.66,13.66,13.88,7384010
2016-09-08,14.12,14.12,13.38,13.58,6152744
2016-09-09,13.48,13.55,12.83,12.85,7071689
2016-09-12,12.61,13.53,12.58,13.2,6565725
2016-09-13,13.13,13.1699,12.62,12.8,5320396
2016-09-14,12.81,13.25,12.81,13.07,5120418
2016-09-15,13.21,14.23,13.13,14.16,8134941
2016-09-16,14.66,15.07,14.51,14.96,17463529
2016-09-19,15.6,16.44,15,15.31,35136406
2016-09-20,15.69,15.7,13.891,14.26,22467789
2016-09-21,14.62,15.05,14.26,14.97,10497590
2016-09-22,15.3,16.42,15.13,16.05,18576539
2016-09-23,16.12,17.4068,16.1,17.15,20180990
2016-09-26,16.82,17.18,16.51,16.92,8883319
2016-09-27,16.72,17.35,15.845,16.79,14304850
2016-09-28,16.57,17.2,16.47,16.99,7946133
2016-09-29,16.86,16.91,16.4,16.6,6570057
2016-09-30,16.8,17,16.6,16.68,5501695
2016-10-03,16.87,16.98,16.345,16.74,7279344
2016-10-04,16.83,17.62,16.6,16.89,11129770
2016-10-05,16.9,17.68,16.9,17.13,9229091
2016-10-06,17.06,17.13,16.61,16.79,5927257
2016-10-07,16.66,16.769,16.06,16.34,5574972
2016-10-10,16.43,16.5,15.65,15.66,7150599
2016-10-11,15.55,15.68,14.85,15.02,7883744
2016-10-12,14.95,14.95,14.18,14.3,7241610
2016-10-13,13.76,14.39,13.59,13.84,10582570
2016-10-14,14.2,14.2,13.5,13.6,6852149
2016-10-17,14.05,14.29,13.59,14.07,7759884
2016-10-18,14.25,14.58,14.11,14.41,6694333
2016-10-19,14.75,14.87,14.55,14.7,5016292
2016-10-20,14.66,15.03,14.55,14.75,4946281
2016-10-21,14.59,15.12,14.5,14.93,4051459
2016-10-24,14.65,14.75,13.8,13.88,9195445
2016-10-25,13.91,14.109,13.6646,13.88,3964114
2016-10-26,13.84,14.3,13.8,14.13,3632690
2016-10-27,14.2,14.34,13.7,13.73,3747896
2016-10-28,13.75,14.04,13.56,13.6,2929183
2016-10-31,13.54,13.6,12.72,12.78,7439877
2016-11-01,12.72,13,12.25,12.48,5520679
2016-11-02,12.32,13.09,12.32,12.84,5882591
2016-11-03,12.55,12.6,11.82,11.94,9147319
2016-11-04,10,12.47,9.9,11.16,29462189
2016-11-07,11.3,11.3499,10.29,10.64,10583760
2016-11-08,10.64,11.16,10.44,10.86,5786068
2016-11-09,9.82,10.42,9.75,10.41,7585388
2016-11-10,10.37,10.67,10.07,10.21,3592830
2016-11-11,10.17,10.36,9.95,10.28,3710371
2016-11-14,10.25,10.5,10.2,10.35,3181171
2016-11-15,10.35,10.4,10.01,10.14,4568455
2016-11-16,10.08,10.14,9.86,9.9,4744180
2016-11-17,9.89,10.09,9.77,9.98,4195287
2016-11-18,10.01,10.07,9.8698,10.02,3437002
2016-11-21,9.95,10.23,9.85,9.91,4822883
2016-11-22,9.93,10,9.55,9.79,5536950
2016-11-23,9.74,9.94,9.61,9.88,2293932
2016-11-25,9.9,10.08,9.84,9.89,1793302
2016-11-28,9.75,9.92,9.72,9.81,2597929
2016-11-29,9.8,10.07,9.73,9.83,2961143
2016-11-30,10.08,10.4,9.98,9.98,6192217
2016-12-01,10.08,10.24,9.7,9.82,4786484
2016-12-02,10.02,10.02,9.59,9.7,3398923
2016-12-05,9.72,9.8811,9.65,9.66,4108580
2016-12-06,9.64,9.79,9.61,9.75,2334370
2016-12-07,9.75,9.79,9.33,9.37,5008517
2016-12-08,9.34,9.39,9.01,9.2,4799339
2016-12-09,9.17,9.42,9.15,9.23,3808094
2016-12-12,9.35,9.35,8.75,8.81,4895798
2016-12-13,9.02,9.02,8.8,8.82,3499262
2016-12-14,8.85,8.96,8.75,8.78,2406685
2016-12-15,8.71,8.75,8.54,8.69,3554560
2016-12-16,8.75,9.6,8.6898,9.01,6698766
2016-12-19,9.05,9.1799,8.8,8.92,3342346
2016-12-20,8.92,9.12,8.87,8.9,2451908
2016-12-21,8.84,8.9499,8.8,8.9,1694644
2016-12-22,8.81,9.6,8.75,9.01,7663238
2016-12-23,9.04,9.19,8.81,9.19,3544954
2016-12-27,9.12,9.28,9.02,9.09,3009431
2016-12-28,9.02,9.19,8.85,8.95,3243468
2016-12-29,8.9,8.97,8.71,8.84,3442152
2016-12-30,8.8,8.85,8.65,8.71,4272509
2017-01-03,8.82,8.97,8.67,8.77,3289042
2017-01-04,8.81,9.12,8.78,9.02,3644581
2017-01-05,9.12,9.55,9.06,9.35,5786074
2017-01-06,9.14,9.25,8.995,9.07,4864609
2017-01-09,9.1,9.25,9,9.06,2625686
2017-01-10,9.05,9.15,8.98,9.02,3039515
2017-01-11,9.05,9.21,9.0203,9.12,2496858
2017-01-12,9.1,9.25,9.04,9.15,1959491
2017-01-13,9.2,9.42,9.17,9.27,2838883
2017-01-17,9.29,9.54,9.2,9.42,2982307
2017-01-18,9.41,9.47,9.12,9.22,2319815
2017-01-19,9.17,9.34,9.12,9.17,2149680
2017-01-20,9.2,9.55,9.19,9.51,4287323
2017-01-23,9.42,9.47,9.2,9.4,3264685
2017-01-24,9.87,10.44,9.81,10.13,10523470
2017-01-25,10.16,10.26,9.83,10,3797735
2017-01-26,10.03,10.2,9.96,10.03,2615573
2017-01-27,10.02,10.15,9.95,10.07,1759226
2017-01-30,9.98,10.88,9.85,10.8,6650444
2017-01-31,10.7,10.75,10.37,10.75,5417740
2017-02-01,10.77,10.95,10.5,10.57,4350918
2017-02-02,10.75,11.1,10.59,10.97,8426908
2017-02-03,9.68,9.85,9.4,9.58,15208860
2017-02-06,9.55,9.8,9.5,9.51,4912899
2017-02-07,9.51,9.65,9.33,9.34,4701490
2017-02-08,9.32,9.39,8.8,8.84,7532514
2017-02-09,8.96,8.98,8.72,8.74,3661364
2017-02-10,8.83,8.9,8.62,8.9,3300076
2017-02-13,8.98,9.09,8.9301,9.05,3054757
2017-02-14,9.08,9.26,9.03,9.17,3223333
2017-02-15,9.49,9.49,9.2,9.44,3146544
2017-02-16,9.4,9.44,9.21,9.33,2620935
2017-02-17,9.33,9.33,9.12,9.25,1877478
2017-02-21,9.31,9.59,9.27,9.46,2931317
2017-02-22,9.4,9.6,9.35,9.51,1749112
2017-02-23,9.6,9.75,9.51,9.57,2117314
2017-02-24,9.51,9.57,9.3201,9.43,2983547
2017-02-27,9.32,9.74,9.32,9.66,2900168
2017-02-28,9.55,9.6,9.38,9.4,1910049
2017-03-01,9.36,9.465,9.29,9.42,2592734
2017-03-02,9.32,9.56,9.26,9.27,1830548
2017-03-03,9.15,9.23,8.77,8.84,3859453
2017-03-06,8.56,8.725,7.95,8.14,9923482
2017-03-07,8.16,8.34,7.91,7.93,3697775
2017-03-08,7.95,8.12,7.95,7.98,2681964
2017-03-09,7.94,8.065,7.94,7.96,2551458
2017-03-10,8,8.115,7.96,7.97,2464886
2017-03-13,7.97,7.98,7.525,7.57,5352464
2017-03-14,7.54,7.57,7.16,7.24,5482225
2017-03-15,7.24,7.3699,7.145,7.35,3886715
2017-03-16,8.22,8.64,8.05,8.51,20003680
2017-03-17,8.51,8.58,8.26,8.57,6284038
2017-03-20,8.53,8.73,8.4,8.66,3893582
2017-03-21,8.66,8.7,8.27,8.4,3521130
2017-03-22,8.34,8.38,8.16,8.33,2059255
2017-03-23,8.3,8.471,8.3,8.36,1610185
2017-03-24,8.43,8.43,8.26,8.3,1620213
2017-03-27,8.3,8.63,8.22,8.43,2915407
2017-03-28,8.44,8.58,8.34,8.57,2087244
2017-03-29,8.57,8.85,8.57,8.73,2997432
2017-03-30,8.76,8.8,8.52,8.66,1968605
2017-03-31,8.6,8.76,8.58,8.7,1975879
2017-04-03,8.68,8.75,8.57,8.61,1923186
2017-04-04,8.54,8.62,8.38,8.43,1880117
2017-04-05,8.45,8.64,8.38,8.43,1984048
2017-04-06,8.38,8.66,8.34,8.51,2841702
2017-04-07,8.46,8.75,8.46,8.55,1870382
2017-04-10,8.55,8.74,8.52,8.69,1583704
2017-04-11,8.75,9.31,8.73,8.95,6494826
2017-04-12,9.01,9.0699,8.65,8.69,2581457
2017-04-13,8.6,8.8,8.57,8.63,1284464
2017-04-17,8.63,8.75,8.5601,8.75,1215660
2017-04-18,8.66,8.78,8.61,8.75,1384784
2017-04-19,8.74,8.98,8.72,8.88,2078623
2017-04-20,8.93,9.08,8.92,8.97,2371465
2017-04-21,8.99,9.01,8.83,8.87,1943751
2017-04-24,8.93,9.085,8.71,9.01,2719745
2017-04-25,9.02,9.215,9.02,9.18,2488516
2017-04-26,9.21,9.4,9.1,9.14,3376345
2017-04-27,9.33,9.36,8.91,8.94,7894565
2017-04-28,8.99,9,8.2,8.25,10542920
2017-05-01,8.24,8.63,8.23,8.52,5031648
2017-05-02,8.52,8.79,8.46,8.68,3797423
2017-05-03,8.61,8.67,8.39,8.4,2558773
2017-05-04,8.42,8.4375,8.12,8.26,4312125
2017-05-05,8.25,8.519,8.21,8.42,2669083
2017-05-08,8.57,8.57,8.31,8.41,1797316
2017-05-09,8.41,8.45,8.28,8.31,1825008
2017-05-10,8.31,8.64,8.31,8.53,2526952
2017-05-11,8.54,8.64,8.37,8.62,2364018
2017-05-12,8.62,8.69,8.53,8.54,1812037
2017-05-15,8.57,8.8,8.5467,8.64,2042015
2017-05-16,8.64,8.73,8.59,8.68,1580094
2017-05-17,8.6,8.6001,8.37,8.39,2314109
2017-05-18,8.3,8.36,8.21,8.25,1932336
2017-05-19,8.26,8.575,8.26,8.52,2297260
2017-05-22,8.53,9.18,8.49,8.86,5430922
2017-05-23,8.84,8.87,8.52,8.63,3508350
2017-05-24,8.62,8.65,8.5,8.54,1907832
2017-05-25,8.55,8.62,8.41,8.47,1650807
2017-05-26,8.47,8.4831,8.32,8.4,1161830
2017-05-30,8.35,8.38,8.23,8.3,1703397
2017-05-31,8.29,8.32,8.02,8.22,2563280
2017-06-01,8.22,8.55,8.2008,8.42,1921281
2017-06-02,8.35,8.48,8.32,8.41,973626
2017-06-05,8.4,8.59,8.2802,8.57,1390469
2017-06-06,8.5,8.62,8.375,8.49,1547551
2017-06-07,8.53,8.65,8.42,8.43,1364239
2017-06-08,8.44,8.59,8.4,8.53,976368
2017-06-09,8.52,8.66,8.33,8.37,1785354
2017-06-12,8.31,8.55,8.3,8.53,1504979
2017-06-13,8.53,8.57,8.43,8.43,1181428
2017-06-14,8.46,8.47,8.3,8.34,1509402
2017-06-15,8.22,8.305,8.07,8.07,1549497
2017-06-16,8.04,8.06,7.57,7.77,4628504
2017-06-19,7.77,7.8906,7.62,7.84,2711160
2017-06-20,7.86,7.99,7.71,7.8,3051015
2017-06-21,7.88,7.88,7.6,7.7,1937700
2017-06-22,7.63,7.83,7.62,7.74,1518170
2017-06-23,7.73,7.86,7.68,7.82,4992853
2017-06-26,7.76,8.35,7.75,8.19,3515137
2017-06-27,8.15,8.46,8.12,8.14,2619021
2017-06-28,8.15,8.37,8.12,8.25,1494710
2017-06-29,8.23,8.33,8.15,8.28,1317709
2017-06-30,8.26,8.31,8.09,8.13,1789648
2017-07-03,8.15,8.2,7.999,8.19,688266
2017-07-05,8.04,8.12,7.91,8.05,1623800
2017-07-06,7.98,8.26,7.95,8,1925567
2017-07-07,8,8.11,7.9,7.98,1706326
2017-07-10,7.98,8.08,7.9247,7.96,1126753
2017-07-11,7.97,8.06,7.89,7.95,1284566
2017-07-12,8,8.12,7.99,8.12,1333725
2017-07-13,8.05,8.49,8.05,8.44,2722348
2017-07-14,8.4,8.44,8.06,8.18,2878744
2017-07-17,8.18,8.27,8.075,8.11,1658142
2017-07-18,8.08,8.11,7.92,7.99,2036580
2017-07-19,7.95,8.095,7.9462,8.07,1742100
2017-07-20,8.02,8.28,8.005,8.01,2081366
2017-07-21,8.04,8.07,7.91,7.96,1778315
2017-07-24,7.96,8.05,7.88,8.03,1873786
2017-07-25,8.02,8.19,7.96,8.09,2416259
2017-07-26,8.1,8.26,8.0589,8.18,1667121
2017-07-27,8.21,8.23,7.92,8.06,1775657
2017-07-28,8.01,8.13,7.96,8.1,1684379
2017-07-31,8.31,8.39,8.13,8.24,2217472
2017-08-01,8.3,8.33,7.96,8.08,3277326
2017-08-02,8.06,8.16,7.98,8.03,1591471
2017-08-03,8.05,8.38,8.05,8.26,6293753
2017-08-04,9.54,10.38,9.31,9.85,28773539
2017-08-07,9.8,10.365,9.51,10.16,13177480
2017-08-08,10.11,10.85,10.09,10.52,9429736
2017-08-09,10.35,10.4,9.951,10.16,6149664
2017-08-10,10.17,10.42,9.75,9.78,5070707
2017-08-11,9.79,9.98,9.61,9.88,4592811
2017-08-14,9.9,9.9496,9.58,9.74,3925488
2017-08-15,10.02,10.48,9.8789,9.88,7031661
2017-08-16,9.9,9.93,9.29,9.41,6268833
2017-08-17,9.43,9.6099,9.3,9.32,3145757
2017-08-18,9.34,9.36,9.03,9.05,4398963
2017-08-21,9.03,9.12,8.71,8.76,3786523
2017-08-22,8.8,9.1,8.67,9.06,4052116
2017-08-23,8.99,9.28,8.91,9.21,2642343
2017-08-24,9.25,9.31,9.06,9.13,2001993
2017-08-25,9.43,9.44,9.13,9.13,3102979
2017-08-28,9.13,9.29,8.9,9.26,2471048
2017-08-29,9.12,9.24,9.06,9.15,1753902
2017-08-30,9.15,9.19,9.05,9.11,1716980
2017-08-31,9.11,9.22,9.1,9.21,1968887
2017-09-01,9.18,9.45,8.99,9,3390220
2017-09-05,8.91,9.05,8.79,8.93,2619043
2017-09-06,8.96,9.04,8.77,8.9,2883621
2017-09-07,10.01,10.89,9.8302,10,32831809
2017-09-08,10.1,10.4,9.83,10.26,9736038
2017-09-11,10.36,11.37,10.31,10.92,17263840
2017-09-12,11.09,11.29,10.6,10.89,8559349
2017-09-13,10.72,11.61,10.68,11.41,10084460
2017-09-14,11.36,11.6,11.06,11.23,7962108
2017-09-15,11.2,11.69,11,11.52,7228973
2017-09-18,11.63,11.73,11.05,11.12,6437971
2017-09-19,11.17,11.27,10.87,10.97,4780535
2017-09-20,10.92,11.03,10.6101,10.66,4202335
2017-09-21,10.9,11.47,10.88,10.94,8364203
2017-09-22,10.98,11.16,10.54,10.75,5603930
2017-09-25,10.91,11.4,10.88,11.18,9287124
2017-09-26,11.28,11.87,11.25,11.51,9039200
2017-09-27,11.55,11.89,11.27,11.69,7732651
2017-09-28,11.79,11.8,11.29,11.48,8134660
2017-09-29,11.48,11.57,10.96,11.01,8016117
2017-10-02,10.82,11.25,10.7,11.12,5197557
2017-10-03,11.11,11.235,10.99,11.09,3064672
2017-10-04,11.06,11.41,10.16,10.39,12572810
2017-10-05,10.59,10.639,9.61,9.67,13511600
2017-10-06,9.76,10.18,9.7501,9.88,10384660
2017-10-09,9.95,10.175,9.71,9.81,6707849
2017-10-10,9.84,9.95,9.705,9.75,4432355
2017-10-11,9.71,9.79,9.42,9.63,5905468
2017-10-12,9.59,9.69,9.47,9.58,4238271
2017-10-13,9.62,9.74,9.535,9.56,4044047
2017-10-16,9.59,9.6,9.03,9.08,10704730
2017-10-17,9.1,9.4,9.05,9.23,8553937
2017-10-18,9.68,9.85,9.46,9.47,10130650
2017-10-19,9.49,9.54,9.17,9.21,4491632
2017-10-20,9.31,9.53,9.24,9.48,4450273
2017-10-23,9.44,9.54,9.31,9.4,4252090
2017-10-24,9.41,9.51,9.37,9.4,2878688
2017-10-25,9.71,9.86,9.46,9.62,6838124
2017-10-26,9.65,10.03,9.64,9.86,7459131
2017-10-27,10.07,10.1,9.76,10,4675924
2017-10-30,10.08,10.5,10.05,10.34,7304961
2017-10-31,10.68,10.7,10.22,10.43,6392150
2017-11-01,10.47,10.67,10.29,10.67,9845968
2017-11-02,9.57,9.64,9,9.58,11725550
2017-11-03,9.43,9.6,9.1,9.13,7997088
2017-11-06,9.21,9.22,8.7901,8.91,8970212
2017-11-07,9,9,8.81,8.85,4102625
2017-11-08,8.77,8.83,8.61,8.73,4244668
2017-11-09,8.7,8.72,8.32,8.35,4675360
2017-11-10,8.41,8.65,8.36,8.51,4172406
2017-11-13,8.54,8.6598,8.35,8.38,3654652
2017-11-14,8.38,8.47,8.13,8.21,4082958
2017-11-15,8.04,8.23,7.96,8.16,3324419
2017-11-16,8.14,8.33,8.14,8.27,2539376
2017-11-17,8.3,8.46,8.26,8.29,3018708
2017-11-20,8.31,8.5,8.31,8.39,3179744
2017-11-21,8.45,8.6775,8.4005,8.61,3137257
2017-11-22,8.74,8.78,8.57,8.58,3691073
2017-11-24,8.61,8.67,8.5,8.58,1440685
2017-11-27,8.53,8.74,8.37,8.63,3079717
2017-11-28,8.63,8.77,8.6172,8.72,2496558
2017-11-29,8.68,8.72,8.4,8.63,3156482
2017-11-30,8.69,8.69,8.46,8.54,2335490
2017-12-01,8.47,8.71,8.45,8.51,2749308
2017-12-04,8.56,8.645,8.21,8.23,3683688
2017-12-05,8.2,8.295,8.04,8.14,3256236
2017-12-06,8.08,8.16,7.89,7.92,4015920
2017-12-07,7.95,8.08,7.91,7.99,2846644
2017-12-08,7.98,8.2,7.94,8.02,3175210
2017-12-11,8.01,8.225,8.01,8.2,2454499
2017-12-12,8.16,8.22,8.02,8.03,2362716
2017-12-13,8.01,8.18,7.99,7.99,4181669
2017-12-14,7.99,8.08,7.84,7.84,4356297
2017-12-15,7.88,8.13,7.87,8.04,4892812
2017-12-18,8.02,8.16,8.005,8.06,3612004
2017-12-19,8.06,8.125,8.0187,8.08,2294092
2017-12-20,8.03,8.13,7.93,8.04,2464137
2017-12-21,8.02,8.265,8.013,8.08,2998808
2017-12-22,8.21,8.22,7.85,7.95,3367483
2017-12-26,7.92,8,7.85,7.85,2514731
2017-12-27,7.83,7.85,7.65,7.67,3766277
2017-12-28,7.67,7.75,7.66,7.69,2128704
2017-12-29,7.7,7.7,7.4,7.57,5252598
2018-01-02,7.63,7.6493,7.39,7.44,5482839
2018-01-03,7.5,7.7,7.4398,7.49,4969610
2018-01-04,7.57,7.635,7.45,7.57,3337028
2018-01-05,7.65,7.8,7.475,7.52,3715812
2018-01-08,6.69,7.18,5.04,6.56,59774727
2018-01-09,6.25,6.34,6.0701,6.17,15730780
2018-01-10,6.1,6.13,5.93,6.05,7486457
2018-01-11,6,6.26,5.96,6.15,5255251
2018-01-12,6.13,6.27,6.04,6.23,5148029
2018-01-16,6.21,6.46,6.16,6.36,7055771
2018-01-17,6.4,6.605,6.26,6.34,5582663
2018-01-18,6.25,6.39,6.195,6.27,2618256
2018-01-19,6.24,6.33,6.23,6.29,3000380
2018-01-22,6.22,6.3,6.2,6.3,1902051
2018-01-23,5.89,6.17,5.85,6.12,6589534
2018-01-24,6.07,6.22,5.93,6.1,4441879
2018-01-25,6.15,6.15,5.94,5.96,4375801
2018-01-26,5.96,5.9862,5.61,5.65,7870412
2018-01-29,5.61,5.65,5.29,5.32,8703690
2018-01-30,5.24,5.57,5.24,5.47,5355897
2018-01-31,5.56,5.63,5.38,5.47,2986893
2018-02-01,5.43,5.53,5.36,5.5,3623216
2018-02-02,5.27,5.75,5.13,5.55,8651891
2018-02-05,5.56,5.73,5.38,5.52,5358894
2018-02-06,5.4,5.7,5.4,5.63,4564432
2018-02-07,5.62,5.68,5.53,5.61,3602261
2018-02-08,5.6,5.73,5.55,5.58,3022854
2018-02-09,5.61,5.65,5.25,5.46,4253512
2018-02-12,5.5,5.5,5.22,5.26,4098266
2018-02-13,5.2,5.42,5.2,5.29,2410256
2018-02-14,5.3,5.77,5.27,5.67,4999758
2018-02-15,5.71,5.77,5.58,5.62,1876610
2018-02-16,5.6,5.719,5.475,5.49,3643552
2018-02-20,5.45,5.62,5.45,5.57,2769073
2018-02-21,5.59,5.65,5.54,5.55,1687962
2018-02-22,5.55,5.581,5.39,5.46,1977766
2018-02-23,5.46,5.6,5.46,5.59,1556769
2018-02-26,5.6,5.73,5.59,5.65,2018789
2018-02-27,5.63,5.71,5.37,5.46,3716825
2018-02-28,5.45,5.5,5.36,5.38,1780233
2018-03-01,5.36,5.48,5.32,5.42,2776636
2018-03-02,5.35,5.61,5.35,5.56,3000031
2018-03-05,5.51,5.75,5.4867,5.73,2951756
2018-03-06,5.72,5.88,5.7,5.83,2386543
2018-03-07,5.81,5.88,5.69,5.79,1858095
2018-03-08,5.81,5.845,5.71,5.74,1314485
2018-03-09,5.67,5.68,5.42,5.51,3245076
2018-03-12,5.51,5.64,5.505,5.63,2443067
2018-03-13,5.63,5.72,5.6,5.63,1665976
2018-03-14,5.67,5.68,5.5925,5.61,1148236
2018-03-15,5.6,5.69,5.59,5.62,1528338
2018-03-16,5.6,5.63,5.53,5.54,2189206
2018-03-19,5.54,5.55,5.32,5.33,2811783
2018-03-20,5.36,5.37,4.92,5,5033471
2018-03-21,4.98,5.06,4.87,4.92,2778697
2018-03-22,4.88,4.9172,4.755,4.78,3191361
2018-03-23,4.74,4.78,4.56,4.58,3885955
2018-03-26,4.67,4.77,4.56,4.73,3615675
2018-03-27,4.76,5.09,4.75,4.91,5114677
2018-03-28,4.93,4.98,4.76,4.84,2442347
2018-03-29,4.84,4.89,4.67,4.79,1843659
2018-04-02,4.72,4.78,4.45,4.53,4035630
2018-04-03,4.53,4.66,4.465,4.54,3289620
2018-04-04,4.48,4.83,4.42,4.78,3320775
2018-04-05,4.8,4.94,4.73,4.91,1420933
2018-04-06,4.89,5.05,4.84,4.88,1829237
2018-04-09,4.88,4.91,4.66,4.71,2631853
2018-04-10,4.76,4.85,4.72,4.76,1971169
2018-04-11,4.71,4.94,4.71,4.87,1875148
2018-04-12,4.89,5.3,4.88,5.22,8268375
2018-04-13,5.42,5.5,5.23,5.26,5523705
2018-04-16,5.3,5.72,5.21,5.58,6619536
2018-04-17,5.6,5.6174,5.03,5.04,7989161
2018-04-18,5.08,5.19,4.97,5.06,4547472
2018-04-19,5.04,5.15,5.02,5.13,2601240
2018-04-20,5.1,5.21,5.025,5.07,2730672
2018-04-23,5.07,5.1,4.75,4.81,4441283
2018-04-24,4.82,4.95,4.75,4.93,2625729
2018-04-25,4.91,5.04,4.81,4.86,2739790
2018-04-26,4.85,4.96,4.8,4.94,1674810
2018-04-27,4.95,4.98,4.87,4.88,1457385
2018-04-30,4.91,5.09,4.85,5.06,2674707
2018-05-01,5.02,5.07,4.81,4.91,4113646
2018-05-02,4.9,5.08,4.8699,4.97,2497699
2018-05-03,4.98,5.07,4.84,4.96,4987977
2018-05-04,4.93,5.54,4.89,5.45,12720770
2018-05-07,5.47,5.52,5.2501,5.43,4870741
2018-05-08,5.44,5.94,5.4,5.68,6973393
2018-05-09,5.68,5.92,5.68,5.7,3957140
2018-05-10,5.72,5.91,5.53,5.56,4621347
2018-05-11,5.54,5.76,5.4597,5.74,2784223
2018-05-14,5.75,5.81,5.6,5.65,2657536
2018-05-15,5.62,5.78,5.56,5.74,2656197
2018-05-16,5.74,5.9,5.65,5.86,2079819
2018-05-17,5.85,6.0199,5.79,5.99,3459028
2018-05-18,6,6.02,5.39,5.42,4985344
2018-05-21,5.51,5.6,5.421,5.46,1804082
2018-05-22,5.48,5.515,5.31,5.35,2380617
2018-05-23,5.36,5.495,5.31,5.47,2044092
2018-05-24,5.45,5.55,5.41,5.54,1580345
2018-05-25,5.52,5.59,5.455,5.55,1675650
2018-05-29,5.52,5.67,5.5,5.6,2312861
2018-05-30,5.61,5.63,5.49,5.62,2046146
2018-05-31,5.62,5.6804,5.53,5.54,1679150
2018-06-01,5.57,5.63,5.42,5.5,2469327
2018-06-04,5.6,5.74,5.472,5.7,3004513
2018-06-05,5.72,5.88,5.72,5.8,2433739
2018-06-06,5.78,5.89,5.605,5.88,2876223
2018-06-07,5.88,6.165,5.84,6.09,5057465
2018-06-08,6.03,6.09,5.74,5.84,4803347
2018-06-11,5.83,6.45,5.83,6.24,6041805
2018-06-12,6.31,6.68,6.25,6.57,7043881
2018-06-13,6.55,6.66,6.25,6.44,4288746
2018-06-14,6.45,6.48,6.06,6.22,4090694
2018-06-15,6.16,6.27,5.95,6.23,3426867
2018-06-18,6.18,6.5,6.17,6.49,3210697
2018-06-19,6.41,6.4285,6.0841,6.27,3899349
2018-06-20,6.27,6.75,6.27,6.64,4817419
2018-06-21,6.61,6.83,6.471,6.71,3719241
2018-06-22,6.76,6.82,6.58,6.77,4129476
2018-06-25,6.6,6.73,6.3,6.47,5235979
2018-06-26,6.48,6.64,6.4,6.6,3522852
2018-06-27,6.62,6.63,6.28,6.3,2440672
2018-06-28,6.3,6.42,6.16,6.39,2284410
2018-06-29,6.42,6.52,6.35,6.44,2573399
2018-07-02,6.4,6.49,6.305,6.49,1968726
2018-07-03,6.52,6.63,6.49,6.54,1407711
2018-07-05,6.53,6.625,6.4925,6.59,1784756
2018-07-06,6.63,6.99,6.61,6.94,4173626
2018-07-09,6.96,6.9789,6.63,6.87,3317949
2018-07-10,6.89,6.89,6.68,6.75,1534944
2018-07-11,6.7,6.76,6.22,6.23,4834993
2018-07-12,6.3,6.39,6.16,6.2,2952681
2018-07-13,6.24,6.3185,6.12,6.31,2373678
2018-07-16,6.3,6.3512,6.2,6.31,1671313
2018-07-17,6.27,6.54,6.25,6.51,2175679
2018-07-18,6.47,6.62,6.402,6.6,1987447
2018-07-19,6.65,6.76,6.59,6.61,2129404
2018-07-20,6.56,6.58,6.23,6.26,2610690
2018-07-23,6.26,6.26,6.08,6.19,1680920
2018-07-24,6.22,6.2901,6.06,6.12,2499734
2018-07-25,6.13,6.4,6.11,6.31,1993094
2018-07-26,6.26,6.46,6.25,6.45,1640796
2018-07-27,6.4,6.54,5.95,5.97,3070543
2018-07-30,5.96,6.09,5.62,5.69,4095743
2018-07-31,5.71,5.86,5.62,5.84,2894623
2018-08-01,5.86,6.13,5.82,6.12,4000727
2018-08-02,6.09,6.12,5.72,5.99,6887651
2018-08-03,6.18,7.31,6.16,7.05,32189131
2018-08-06,6.92,7,6.56,6.68,11149890
2018-08-07,6.68,6.88,6.48,6.63,4679556
2018-08-08,6.64,6.69,6.44,6.47,2383851
2018-08-09,6.53,6.53,6.13,6.17,3830235
2018-08-10,6.13,6.17,5.95,5.96,3812472
2018-08-13,5.96,6.18,5.92,6.1,3585334
2018-08-14,6.12,6.21,5.961,6.07,2813049
2018-08-15,5.96,6,5.78,5.83,3473512
2018-08-16,5.86,6.1101,5.81,6.01,3061018
2018-08-17,6,6.26,5.87,6.2,3082223
2018-08-20,6.23,6.42,6.2,6.41,1943884
2018-08-21,6.44,6.6,6.37,6.56,2928315
2018-08-22,6.54,6.63,6.36,6.42,2005290
2018-08-23,6.43,6.47,6.335,6.37,1258715
2018-08-24,6.36,6.48,6.26,6.42,2268312
2018-08-27,6.44,6.51,6.32,6.38,1847440
2018-08-28,6.39,6.45,6.2,6.21,2005909
2018-08-29,6.18,6.3,6.11,6.27,1310818
2018-08-30,6.32,6.37,6.22,6.27,1465826
2018-08-31,6.25,6.41,6.16,6.41,1522723
2018-09-04,6.33,6.44,6.24,6.41,1621380
2018-09-05,6.35,6.52,6.3,6.46,1977725
2018-09-06,6.46,6.63,6.46,6.63,2824558
2018-09-07,6.56,6.76,6.38,6.43,2551167
2018-09-10,6.43,6.46,6.28,6.3,1991085
2018-09-11,6.24,6.4,6.1869,6.39,1673459
2018-09-12,6.41,6.57,6.275,6.35,2203469
2018-09-13,6.36,6.49,6.35,6.4,1110673
2018-09-14,6.38,6.39,6.05,6.21,2886627
2018-09-17,6.31,6.42,6.13,6.38,2665311
2018-09-18,6.38,6.57,6.32,6.41,2929513
2018-09-19,6.36,6.45,6.14,6.33,3952391
2018-09-20,6.35,6.63,6.33,6.51,4813374
2018-09-21,6.5,6.5,6.28,6.46,3945583
2018-09-24,6.42,6.56,6.36,6.37,1758180
2018-09-25,6.4,6.64,6.33,6.62,3893735
2018-09-26,7.26,7.6,6.78,6.92,36780449
2018-09-27,7.01,7.49,7.01,7.26,9882573
2018-09-28,7.2,7.35,7.1,7.2,4843392
2018-10-01,7.4,7.4675,7.21,7.28,3950133
2018-10-02,7.22,7.45,7.11,7.33,5893259
2018-10-03,7.3,7.465,6.65,6.67,7233902
2018-10-04,6.8,6.86,6.26,6.26,7175563
2018-10-05,6.55,6.6698,6.12,6.26,7705998
2018-10-08,6.21,6.5,6.15,6.36,4400249
2018-10-09,6.31,6.5101,6.08,6.09,3784757
2018-10-10,6.12,6.15,5.77,5.86,7380554
2018-10-11,5.81,6.24,5.8,6.19,7132199
2018-10-12,6.26,6.48,6.22,6.47,4840825
2018-10-15,6.47,6.79,6.33,6.74,4682947
2018-10-16,6.73,6.95,6.69,6.95,4255106
2018-10-17,6.88,6.9,6.67,6.81,2480168
2018-10-18,6.88,7.03,6.705,6.72,3307507
2018-10-19,6.72,6.88,6.56,6.65,2181827
2018-10-22,6.64,6.76,6.58,6.62,1779698
2018-10-23,6.41,6.91,6.38,6.78,3218896
2018-10-24,6.77,6.78,6,6.01,4315017
2018-10-25,6.17,6.23,6.05,6.13,3215491
2018-10-26,6.05,6.2483,5.785,6.11,4913061
2018-10-29,6.02,6.32,5.88,6,5175318
2018-10-30,6,6.35,5.94,6.32,3354355
2018-10-31,6.4,6.66,6.35,6.57,4119982
2018-11-01,6.66,7.2,6.645,7.18,9312349
2018-11-02,6.2,6.25,5.35,5.44,26839449
2018-11-05,5.48,5.71,5.17,5.57,9527405
2018-11-06,5.52,5.7,5.46,5.66,6254410
2018-11-07,5.66,5.945,5.62,5.75,6067655
2018-11-08,5.7,5.725,5.4,5.47,3987313
2018-11-09,5.47,5.6,5.41,5.51,2965513
2018-11-12,5.45,5.63,5.35,5.46,3123056
2018-11-13,5.5,5.59,5.31,5.34,2751026
2018-11-14,5.56,5.57,5.33,5.36,3407901
2018-11-15,5.32,5.47,5.23,5.43,2926063
2018-11-16,5.36,5.55,5.28,5.52,3538119
2018-11-19,5.49,5.55,5.38,5.4,2225017
2018-11-20,5.27,5.38,5.2,5.24,3559587
2018-11-21,5.3,5.47,5.3,5.32,3006046
2018-11-23,5.31,5.34,5.08,5.13,2161801
2018-11-26,5.26,5.29,5.15,5.29,2517550
2018-11-27,5.25,5.42,5.25,5.32,2287207
2018-11-28,5.3,5.46,5.19,5.43,2415862
2018-11-29,5.36,5.46,5.23,5.33,2307723
2018-11-30,5.32,5.45,5.01,5.08,5506702
2018-12-03,5.17,5.25,5.12,5.2,4254661
2018-12-04,5.16,5.25,4.99,5.03,3350657
2018-12-06,5,5.19,4.97,5.18,3341443
2018-12-07,5.15,5.17,4.92,4.97,3287681
2018-12-10,4.99,5.03,4.76,4.92,2658517
2018-12-11,5,5.01,4.8,4.91,2108901
2018-12-12,4.93,5.1,4.9,4.9,2891790
2018-12-13,4.88,5,4.76,4.79,2667746
2018-12-14,4.77,4.9,4.65,4.7,2829681
2018-12-17,4.55,4.815,4.51,4.57,4035522
2018-12-18,4.63,4.75,4.61,4.63,3517789
2018-12-19,4.65,4.875,4.53,4.59,2846961
2018-12-20,4.53,4.63,4.22,4.28,3722473
2018-12-21,4.3,4.41,4,4.13,5074272
2018-12-24,4,4.2,4,4.04,1893612
2018-12-26,4.04,4.27,4,4.22,4124148
2018-12-27,4.16,4.44,4.12,4.38,4142184
2018-12-28,4.43,4.489,4.25,4.31,3434795
2018-12-31,4.32,4.36,4.2,4.24,3797804
2019-01-02,4.19,4.49,4.16,4.36,3392595
2019-01-03,4.36,4.4,4.24,4.27,2740098
2019-01-04,4.32,4.625,4.31,4.51,4411523
2019-01-07,4.51,4.78,4.4,4.63,5321511
2019-01-08,4.68,4.84,4.62,4.73,4609597
2019-01-09,4.83,4.98,4.735,4.92,4435068
2019-01-10,4.85,4.9,4.63,4.89,4435502
2019-01-11,4.83,5.07,4.76,4.99,2797128
2019-01-14,4.95,5.015,4.82,4.86,2708505
2019-01-15,4.9,4.9361,4.7578,4.91,2234081
2019-01-16,4.88,5.01,4.88,4.92,2082229
2019-01-17,4.88,4.96,4.86,4.92,2286701
2019-01-18,4.9,4.99,4.835,4.91,4014557
2019-01-22,4.87,4.92,4.77,4.79,2628846
2019-01-23,4.83,4.88,4.76,4.84,2020476
2019-01-24,4.85,5.09,4.83,4.96,4216707
2019-01-25,5.01,5.07,4.91,4.93,3346545
2019-01-28,4.85,5,4.83,4.9,2822824
2019-01-29,4.88,4.945,4.8,4.82,2664646
2019-01-30,4.95,5.01,4.78,4.87,5647336
2019-01-31,4.9,5.08,4.88,4.93,3138234
2019-02-01,4.99,5.1,4.92,5.04,2531070
2019-02-04,5.12,5.23,5.1,5.13,3191261
2019-02-05,5.12,5.2,5.1,5.11,3742305
2019-02-06,5.3,5.3,5.1,5.15,15135020
2019-02-07,5.3,5.47,5.07,5.14,13463870
2019-02-08,5.07,5.35,5.01,5.32,7429301
2019-02-11,5.31,5.53,5.2682,5.49,6009879
2019-02-12,5.52,5.72,5.51,5.7,5417557
2019-02-13,5.73,5.74,5.515,5.61,4212675
2019-02-14,5.56,5.88,5.48,5.79,4782091
2019-02-15,5.8,5.99,5.77,5.99,4292168
2019-02-19,5.99,6.07,5.85,6.01,3189134
2019-02-20,6.02,6.13,5.95,6.1,2872166
2019-02-21,6.1,6.175,6.01,6.07,2724918
2019-02-22,6.13,6.25,6.1,6.21,2512365
2019-02-25,6.27,6.43,6.27,6.32,4738055
2019-02-26,6.27,6.41,6.25,6.29,3904853
2019-02-27,6.28,6.34,6.165,6.23,3975612
2019-02-28,6.21,6.25,5.74,5.83,7141315
2019-03-01,5.89,6.12,5.88,6.08,5038834
2019-03-04,6.12,6.13,5.92,6,2581091
2019-03-05,6.03,6.03,5.88,6.01,2089419
2019-03-06,6,6.23,5.97,6.15,3405392
2019-03-07,6.12,6.155,5.85,5.91,4762012
2019-03-08,5.83,6.02,5.8,6,3063387
2019-03-11,6,6.26,6,6.25,4211923
2019-03-12,6.19,6.29,6.14,6.24,2409033
2019-03-13,6.24,6.25,6.09,6.14,2704809
2019-03-14,6.21,6.38,6.09,6.14,2807408
2019-03-15,6.16,6.35,6.15,6.26,4222375
2019-03-18,6.29,6.34,6.13,6.25,2785656
2019-03-19,6.26,6.345,6.24,6.26,1561444
2019-03-20,6.24,6.54,6.24,6.44,3048549
2019-03-21,6.45,6.54,6.37,6.53,1842265
2019-03-22,6.44,6.61,6.38,6.44,2665478
2019-03-25,6.44,6.56,6.285,6.54,2631361
2019-03-26,6.55,6.68,6.5,6.57,1968413
2019-03-27,6.56,6.62,6.47,6.59,2053121
2019-03-28,6.62,6.7,6.505,6.52,2973092
2019-03-29,6.52,6.57,6.37,6.5,4448714
2019-04-01,6.51,6.575,6.48,6.56,1953853
2019-04-02,6.55,6.68,6.41,6.63,2425770
2019-04-03,6.65,6.79,6.61,6.66,2247109
2019-04-04,6.68,6.7185,6.55,6.67,1934640
2019-04-05,6.69,6.75,6.6,6.68,2153623
2019-04-08,6.67,6.74,6.54,6.58,2444037
2019-04-09,6.65,6.74,6.6,6.66,3120363
2019-04-10,6.68,6.895,6.65,6.73,4802856
2019-04-11,6.76,6.78,6.62,6.77,2240455
2019-04-12,6.72,6.83,6.72,6.75,1852232
2019-04-15,6.75,6.86,6.68,6.7,1752684
2019-04-16,6.71,6.75,6.62,6.71,1868156
2019-04-17,6.73,6.73,6.4,6.43,3110341
2019-04-18,6.4,6.47,6.305,6.38,2579290
2019-04-22,6.37,6.45,6.25,6.28,2305500
2019-04-23,6.37,6.4,6.24,6.36,2377976
2019-04-24,6.34,6.415,6.29,6.33,1251189
2019-04-25,6.25,6.29,6.025,6.05,2100298
2019-04-26,6.04,6.14,6.02,6.07,1604884
2019-04-29,6.04,6.145,5.93,5.98,2874640
2019-04-30,5.94,6.03,5.88,5.91,3876141
2019-05-01,5.91,5.985,5.86,5.86,10380540
2019-05-02,5.83,5.92,5.6,5.87,8016025
2019-05-03,5.92,6.03,5.775,6.03,4672306
2019-05-06,5.89,6.17,5.86,6.14,3389364
2019-05-07,6.15,6.32,6.09,6.2,4749746
2019-05-08,6.16,6.38,6.13,6.34,5783058
2019-05-09,6.46,6.88,6.115,6.67,18090570
2019-05-10,7.03,7.15,6.325,6.41,15133040
2019-05-13,6.25,6.67,6.2,6.63,9509381
2019-05-14,6.62,7.43,6.57,7.38,12972110
2019-05-15,7.16,7.645,7.07,7.55,12956500
2019-05-16,7.48,7.53,7.13,7.24,8652936
2019-05-17,7.18,7.35,7.04,7.06,6382510
2019-05-20,6.92,7.185,6.92,7.08,4288774
2019-05-21,7.15,7.33,7.14,7.27,2296179
2019-05-22,7.23,7.3,7.16,7.25,2175477
2019-05-23,7.12,7.21,7.06,7.15,2941193
2019-05-24,7.2,7.265,7.12,7.2,1835967
2019-05-28,7.18,7.19,6.73,6.78,4448085
2019-05-29,6.77,6.81,6.53,6.68,5399157
2019-05-30,6.67,6.7132,6.44,6.44,2589191
2019-05-31,6.3,6.44,6.22,6.3,2973660
2019-06-03,6.28,6.38,6.07,6.12,4549035
2019-06-04,6.2,6.31,6.1,6.14,4756862
2019-06-05,6.22,6.285,5.965,6.08,4234505
2019-06-06,6.06,6.11,5.82,5.93,4272467
2019-06-07,5.91,5.98,5.78,5.84,3475281
2019-06-10,5.96,6.08,5.86,5.92,4366714
2019-06-11,5.93,6.06,5.86,6.02,2796674
2019-06-12,6,6.03,5.91,6,1869506
2019-06-13,6.03,6.15,5.87,5.88,2951526
2019-06-14,5.85,5.95,5.77,5.77,2292035
2019-06-17,5.77,5.92,5.6922,5.77,2971095
2019-06-18,5.81,5.99,5.77,5.94,2304471
2019-06-19,5.92,6.065,5.87,5.97,1995454
2019-06-20,6.02,6.05,5.79,5.85,3146483
2019-06-21,5.83,5.9,5.75,5.85,1993837
2019-06-24,5.85,5.9,5.62,5.72,3129150
2019-06-25,5.75,5.865,5.64,5.67,2577361
2019-06-26,5.72,5.8,5.61,5.62,2538509
2019-06-27,5.67,5.67,5.5,5.52,3596662
2019-06-28,5.52,5.595,5.43,5.46,5647807
2019-07-01,5.51,5.53,5.22,5.38,5529041
2019-07-02,5.36,5.44,5.3,5.38,2614436
2019-07-03,5.39,5.58,5.38,5.44,1999600
2019-07-05,5.42,5.635,5.42,5.55,2934052
2019-07-08,5.52,5.64,5.47,5.59,3320493
2019-07-09,5.6,5.77,5.6,5.64,3630668
2019-07-10,5.81,5.95,5.54,5.62,4534593
2019-07-11,5.6,5.645,5.48,5.57,3848053
2019-07-12,5.57,5.59,5.46,5.48,3238820
2019-07-15,5.49,5.54,5.38,5.51,2555454
2019-07-16,5.52,5.54,5.42,5.46,2381297
2019-07-17,5.46,5.48,5.28,5.31,2954233
2019-07-18,5.26,5.31,5.03,5.05,4605183
2019-07-19,5.06,5.225,5.02,5.03,3517552
2019-07-22,5.07,5.18,5.03,5.11,2623337
2019-07-23,5.11,5.2,5.08,5.16,4607317
2019-07-24,5.18,5.24,5.125,5.22,2638738
2019-07-25,5.18,5.43,5.17,5.4,5168476
2019-07-26,5.45,5.45,5.26,5.4,3916731
2019-07-29,5.34,5.38,5.25,5.36,3051624
2019-07-30,5.32,5.42,5.29,5.4,2727609
2019-07-31,5.4,5.59,5.28,5.29,4099323
2019-08-01,5.3,5.35,5.01,5.03,7964602
2019-08-02,5.16,5.19,4.17,4.39,13390870
2019-08-05,4.35,4.42,4.05,4.27,8456439
2019-08-06,4.3,4.42,4.09,4.3,10149590
2019-08-07,4.25,4.63,4.14,4.41,10010370
2019-08-08,4.42,4.58,4.2299,4.45,9128401
2019-08-09,4.44,4.58,4.3,4.31,3510200
2019-08-12,4.3,4.3,4.18,4.25,3788250
2019-08-13,4.22,4.31,4.15,4.21,3285742
2019-08-14,4.17,4.18,4.06,4.07,2995019
2019-08-15,4.08,4.11,3.91,3.98,4447790
2019-08-16,3.96,4.04,3.93,4.01,3485650
2019-08-19,4.1,4.12,4,4.01,2857111
2019-08-20,4,4.07,3.98,4.06,3021052
2019-08-21,4.06,4.24,4.06,4.12,5014819
2019-08-22,4.13,4.27,4.07,4.2,2869030
2019-08-23,4.19,4.21,3.95,3.96,3032293
2019-08-26,4.01,4.07,3.875,3.96,3195455
2019-08-27,3.99,3.99,3.82,3.87,3470041
2019-08-28,3.86,3.93,3.78,3.9,1952193
2019-08-29,4,4,3.9,3.93,2509462
2019-08-30,3.94,3.96,3.83,3.87,2482690
2019-09-03,3.83,3.85,3.62,3.82,6365037
2019-09-04,3.82,3.96,3.79,3.91,4494741
2019-09-05,3.95,4.12,3.95,4.09,3513203
2019-09-06,4.11,4.15,4.08,4.12,2052067
2019-09-09,4.16,4.455,4.16,4.36,5149384
2019-09-10,4.37,4.73,4.37,4.62,5311633
2019-09-11,4.64,4.73,4.54,4.67,3042982
2019-09-12,4.66,4.68,4.51,4.56,2307543
2019-09-13,4.57,4.65,4.53,4.56,2280808
2019-09-16,4.58,4.765,4.5701,4.64,2402110
2019-09-17,4.62,4.62,4.46,4.57,2046199
2019-09-18,4.52,4.62,4.46,4.52,2252235
2019-09-19,4.51,4.63,4.5,4.56,2183182
2019-09-20,4.55,4.68,4.53,4.66,2861729
2019-09-23,4.64,4.855,4.62,4.77,2529193
2019-09-24,4.68,4.72,4.43,4.47,3700628
2019-09-25,4.48,4.7,4.46,4.62,2846990
2019-09-26,4.62,4.79,4.62,4.68,2597274
2019-09-27,5.09,5.53,4.76,5.025,13923470
2019-09-30,5.39,5.43,5.04,5.185,10024180
2019-10-01,5.44,5.79,5.26,5.28,10782780
2019-10-02,5.31,5.33,4.9649,5.13,6103944
2019-10-03,4.24,4.28,3.8007,4.155,36434301
2019-10-04,4.16,4.24,3.92,3.97,10475290
2019-10-07,3.98,3.99,3.7,3.7,10702580
2019-10-08,3.75,3.76,3.4,3.44,10814260
2019-10-09,3.5,3.56,3.4,3.505,8416930
2019-10-10,3.54,3.58,3.25,3.38,10346080
2019-10-11,3.41,3.83,3.41,3.74,15325040
2019-10-14,3.75,3.85,3.61,3.64,4184315
2019-10-15,3.7,3.75,3.625,3.66,3480877
2019-10-16,3.65,3.705,3.62,3.67,2478708
2019-10-17,3.66,3.8,3.65,3.8,3375628
2019-10-18,3.8,3.818,3.575,3.61,3946007
2019-10-21,3.69,3.69,3.62,3.65,2716003
2019-10-22,3.63,3.87,3.6,3.77,4136555
2019-10-23,3.76,3.89,3.73,3.88,3052069
2019-10-24,3.9,3.91,3.76,3.85,2550089
2019-10-25,3.85,3.99,3.84,3.96,3074318
2019-10-28,3.96,4.22,3.96,4.05,5916388
2019-10-29,4.1,4.14,3.99,4.14,3301542
2019-10-30,4.11,4.15,3.98,4.1,2854488
2019-10-31,4.09,4.17,4.02,4.16,2383576
2019-11-01,4.17,4.43,4.16,4.37,8566449
2019-11-04,4.44,4.56,4.37,4.46,5503086
2019-11-05,4.47,4.54,4.42,4.46,4302590
2019-11-06,4.44,4.49,4.27,4.44,4957439
2019-11-07,4.42,4.62,4.365,4.445,7009979
2019-11-08,4.78,5.03,4.52,4.71,14827250
2019-11-11,4.68,4.705,4.29,4.48,9302693
2019-11-12,4.46,4.64,4.38,4.56,4103349
2019-11-13,4.52,4.66,4.425,4.61,3537539
2019-11-14,4.59,4.74,4.575,4.68,3400752
2019-11-15,4.7,4.78,4.59,4.59,4100119
2019-11-18,4.6,4.61,4.14,4.16,8325141
2019-11-19,4.23,4.23,3.98,4.03,7282930
2019-11-20,4,4.1,3.95,4.02,4221906
2019-11-21,4.08,4.085,3.94,4,4835198
2019-11-22,4,4.07,3.96,4.04,3580634
2019-11-25,4.04,4.15,4,4.01,4160443
2019-11-26,4.03,4.08,3.9,3.9,4318653
2019-11-27,3.95,3.98,3.9,3.98,3144550
2019-11-29,3.98,4.07,3.93,4.04,1784700
2019-12-02,4.07,4.08,3.82,3.83,4250956
2019-12-03,3.83,3.88,3.69,3.86,4095751
2019-12-04,4.08,4.285,3.81,3.9,13503130
2019-12-05,3.94,4.09,3.94,4.04,5023882
2019-12-06,4.08,4.17,4.02,4.16,4350757
2019-12-09,4.13,4.24,4.03,4.14,4264453
2019-12-10,4.15,4.3,4.08,4.3,3514966
2019-12-11,4.29,4.475,4.26,4.28,4037463
2019-12-12,4.24,4.39,4.225,4.36,2779105
2019-12-13,4.39,4.48,4.31,4.42,2961044
2019-12-16,4.44,4.55,4.41,4.43,2802771
2019-12-17,4.44,4.49,4.37,4.42,2793958
2019-12-18,4.41,4.45,4.33,4.36,2563640
2019-12-19,4.34,4.4218,4.2601,4.365,2869136
2019-12-20,4.37,4.43,4.3,4.4,2803577
2019-12-23,4.39,4.43,4.34,4.4,2237294
2019-12-24,4.39,4.59,4.38,4.57,2363309
2019-12-26,4.58,4.58,4.14,4.19,6054756
2019-12-27,4.25,4.38,4.2,4.295,4324717
2019-12-30,4.27,4.48,4.2,4.275,4809290
2019-12-31,4.25,4.415,4.22,4.34,4019665
2020-01-02,4.4,4.49,4.34,4.4,3625553
2020-01-03,4.32,4.39,4.25,4.32,2949737
2020-01-06,4.28,4.49,4.26,4.47,3918557
2020-01-07,4.44,4.48,4.38,4.4,2861976
2020-01-08,4.41,4.5,4.4,4.42,3299701
2020-01-09,4.45,4.47,4.37,4.42,4463778
2020-01-10,4.4,4.415,4.24,4.27,5011540
2020-01-13,4.25,4.28,4.07,4.26,5603754
2020-01-14,4.23,4.24,4.12,4.15,4444937
2020-01-15,4.16,4.46,4.145,4.24,7697312
2020-01-16,4.28,4.46,4.26,4.31,7197257
2020-01-17,4.36,4.36,4.22,4.29,6030411
2020-01-21,4.28,4.41,4.21,4.38,3543425
2020-01-22,4.39,4.48,4.335,4.4,3737380
2020-01-23,4.38,4.44,4.21,4.42,4287813
2020-01-24,4.42,4.48,4.32,4.44,3732110
2020-01-27,4.37,4.38,4.31,4.33,2733631
2020-01-28,4.36,4.55,4.34,4.46,7120330
2020-01-29,4.45,4.5,4.14,4.16,6287759
2020-01-30,4.15,4.25,3.97,4.07,5286638
2020-01-31,4.07,4.13,3.92,3.94,4358522
2020-02-03,4,4.13,3.9317,4.09,4242037
2020-02-04,4.13,4.21,4.08,4.15,3699076
2020-02-05,4.2,4.38,4.18,4.36,8539731
2020-02-06,3.8,4,3.71,3.96,14713730
2020-02-07,3.96,4.2,3.95,4.03,8818708
2020-02-10,4.02,4.04,3.8,3.9,8883382
2020-02-11,3.94,4.1,3.9,4.01,6060832
2020-02-12,4.02,4.11,4,4.09,4575053
2020-02-13,4,4.22,3.98,4.21,5477669
2020-02-14,4.18,4.2,4.01,4.03,2892611
2020-02-18,4.04,4.12,3.96,4.08,4272757
2020-02-19,4.06,4.11,4.005,4.055,2914905
2020-02-20,4.02,4.07,3.99,4.03,2076727
2020-02-21,4.04,4.058,3.88,3.9,4728772
2020-02-24,3.8,3.845,3.76,3.81,3780095
2020-02-25,3.81,3.84,3.6,3.67,4891201
2020-02-26,3.66,3.785,3.55,3.61,4276363
2020-02-27,3.5,3.75,3.37,3.67,9688389
2020-02-28,3.58,3.85,3.54,3.795,7196521
2020-03-02,3.77,3.82,3.485,3.81,7611426
2020-03-03,3.85,4.145,3.795,3.935,6891368
2020-03-04,4.03,4.07,3.91,4.04,3368110
2020-03-05,3.93,3.985,3.72,3.74,4786612
2020-03-06,3.7,3.79,3.61,3.7,3838488
2020-03-09,3.52,3.52,3.32,3.33,4108169
2020-03-10,3.48,3.69,3.41,3.64,4533230
2020-03-11,3.54,3.5603,3.26,3.31,8869416
2020-03-12,2.93,3.02,2.62,2.69,9814194
2020-03-13,2.9,2.9591,2.66,2.72,4691141
2020-03-16,2.5,2.5,2,2.01,7916577
2020-03-17,2.1,2.43,2.03,2.29,8339976
2020-03-18,2.34,2.34,2.01,2.11,5577856
2020-03-19,2.15,2.775,2.0632,2.64,7233208
2020-03-20,2.7,2.8892,2.39,2.48,5698967
2020-03-23,2.5,2.59,2.31,2.33,4038776
2020-03-24,2.5,2.62,2.42,2.57,5235929
2020-03-25,2.63,2.69,2.41,2.61,4711875
2020-03-26,2.64,2.78,2.56,2.7,4574558
2020-03-27,2.62,2.63,2.43,2.48,3159402
2020-03-30,2.51,2.64,2.4465,2.64,3372936
2020-03-31,2.6,2.7,2.54,2.62,3316338
2020-04-01,2.53,2.62,2.47,2.49,2810284
2020-04-02,2.46,2.53,2.28,2.35,4126948
2020-04-03,2.34,2.425,2.2,2.29,3381398
2020-04-06,2.29,2.54,2.28,2.53,4149430
2020-04-07,2.58,2.74,2.49,2.55,4535600
2020-04-08,2.61,2.82,2.59,2.73,3428216
2020-04-09,2.82,2.8799,2.62,2.71,3701051
2020-04-13,2.78,2.9,2.7,2.88,3454485
2020-04-14,3,3.08,2.9,3.08,3864737
2020-04-15,2.96,2.96,2.61,2.66,5748291
2020-04-16,2.6,2.6597,2.51,2.58,4423786
2020-04-17,2.69,2.85,2.68,2.82,5299400
2020-04-20,2.77,3,2.6801,2.84,4965218
2020-04-21,2.71,2.82,2.7,2.745,3084185
2020-04-22,2.81,2.86,2.73,2.77,1769525
2020-04-23,2.8,3.015,2.77,2.89,3452470
2020-04-24,2.94,2.985,2.88,2.97,1728061
2020-04-27,3.05,3.245,3.01,3.24,3551347
2020-04-28,3.3,3.44,3.25,3.31,3567902
2020-04-29,3.44,3.63,3.33,3.55,3912596
2020-04-30,3.53,3.62,3.43,3.52,3473822
2020-05-01,3.41,3.43,3.18,3.3,2827620
2020-05-04,3.23,3.3488,3.14,3.25,1948279
2020-05-05,3.32,3.42,3.2,3.21,3160717
2020-05-06,3.25,3.33,3.185,3.25,1806935
2020-05-07,3.32,3.38,3.2,3.37,4286928
2020-05-08,3.5,3.6,3.28,3.445,5867945
2020-05-11,3.4,3.47,3.31,3.35,2973730
2020-05-12,3.39,3.4977,3.38,3.4,2479834
2020-05-13,3.38,3.73,3.26,3.54,9055151
2020-05-14,3.44,3.55,3.31,3.5,4810252
2020-05-15,3.46,3.93,3.4,3.81,7414937
2020-05-18,3.81,3.95,3.79,3.91,3876814
2020-05-19,3.9,4.33,3.89,4.025,6702507
2020-05-20,4.1,4.31,4.1,4.135,3165872
2020-05-21,4.13,4.25,4.085,4.2,2214471
2020-05-22,4.16,4.21,4.1023,4.16,1587949
2020-05-26,4.21,4.41,4.21,4.35,3264370
2020-05-27,4.4,4.88,4.38,4.83,11167840
2020-05-28,4.89,4.94,4.53,4.53,3889227
2020-05-29,4.52,4.78,4.44,4.71,4344060
2020-06-01,4.78,4.85,4.685,4.74,3164708
2020-06-02,4.74,4.83,4.67,4.72,3204542
2020-06-03,4.75,4.81,4.68,4.75,2772918
2020-06-04,4.68,4.77,4.64,4.7,2735042
2020-06-05,4.7,4.93,4.65,4.86,3691551
2020-06-08,4.92,5.41,4.91,5.19,4953855
2020-06-09,5.13,5.18,4.93,5.06,3797973
2020-06-10,5.06,5.1,4.7843,4.94,2952281
2020-06-11,4.69,4.7,4.23,4.27,3801536
2020-06-12,4.49,4.54,4.26,4.32,2787700
2020-06-15,4.28,4.5323,4.19,4.48,3188053
2020-06-16,4.68,4.77,4.5123,4.58,2521570
2020-06-17,4.62,4.69,4.53,4.61,1759592
2020-06-18,4.57,4.635,4.45,4.54,1758331
2020-06-19,4.61,4.655,4.51,4.54,3290376
2020-06-22,4.59,4.73,4.52,4.695,2703174
2020-06-23,4.73,4.93,4.72,4.83,2160289
2020-06-24,4.82,4.87,4.53,4.64,2082038
2020-06-25,4.56,4.7799,4.55,4.76,1879683
2020-06-26,4.66,4.75,4.5,4.55,2571237
2020-06-29,4.6,4.78,4.53,4.695,2173499
2020-06-30,4.64,4.81,4.62,4.76,1335433
2020-07-01,4.72,4.795,4.6,4.66,1946652
2020-07-02,4.71,4.909,4.69,4.79,2060044
2020-07-06,4.83,4.965,4.8123,4.95,2046373
2020-07-07,4.9,5,4.8,4.83,1805855
2020-07-08,4.79,4.96,4.74,4.95,2217041
2020-07-09,4.9,4.97,4.78,4.85,1654117
2020-07-10,4.83,4.91,4.825,4.9,1641596
2020-07-13,4.89,5.31,4.87,4.97,4583238
2020-07-14,4.93,5.01,4.645,4.83,3721361
2020-07-15,4.84,5.11,4.84,4.99,2699904
2020-07-16,4.97,5.025,4.91,4.94,1282879
2020-07-17,4.99,5.05,4.87,4.92,1490416
2020-07-20,4.9,4.96,4.84,4.925,1167626
2020-07-21,4.98,5.19,4.9423,5.11,3131947
2020-07-22,5.1,5.25,5.06,5.195,1713351
2020-07-23,5.23,5.35,5.1223,5.16,1910745
2020-07-24,5.1,5.15,5.02,5.05,1827538
2020-07-27,5.07,5.34,5.051,5.285,2644583
2020-07-28,5.22,5.32,5.1,5.13,1836876
2020-07-29,5.15,5.25,5.12,5.22,1389320
2020-07-30,5.13,5.2277,5.08,5.18,1317513
2020-07-31,5.2,5.33,5.06,5.29,3136750
2020-08-03,5.3,5.6472,5.28,5.59,4593160
2020-08-04,5.6,5.74,5.36,5.45,3411245
2020-08-05,5.49,5.64,5.355,5.595,3091538
2020-08-06,5.62,5.7,5.55,5.56,2982576
2020-08-07,5.27,5.49,4.77,4.94,5825605
2020-08-10,5.01,5.09,4.78,4.79,3119442
2020-08-11,4.83,4.84,4.61,4.61,2807022
2020-08-12,4.7,4.81,4.68,4.77,1770585
2020-08-13,4.77,4.96,4.75,4.87,1716298
2020-08-14,4.84,4.9,4.8,4.83,1052325
2020-08-17,4.78,4.895,4.73,4.88,2019766
2020-08-18,4.83,4.98,4.78,4.93,1911039
2020-08-19,4.94,5.0872,4.9004,4.95,1772737
2020-08-20,4.93,4.93,4.8,4.87,1365250
2020-08-21,4.87,4.91,4.77,4.8,1209454
2020-08-24,4.84,4.85,4.6801,4.75,1297084
2020-08-25,4.73,4.73,4.61,4.64,1603214
2020-08-26,4.64,4.73,4.6128,4.69,1198841
2020-08-27,4.72,4.75,4.5823,4.65,1378013
2020-08-28,4.66,4.75,4.61,4.75,1595042
2020-08-31,4.72,4.7672,4.52,4.59,2403964
2020-09-01,4.57,4.595,4.49,4.565,1587107
2020-09-02,4.57,4.6,4.35,4.42,1968743
2020-09-03,4.44,4.44,4.11,4.16,2607988
2020-09-04,4.2,4.22,3.86,4.11,2745114
2020-09-08,3.99,4.03,3.91,3.91,1836177
2020-09-09,3.92,4.01,3.88,4,2254665
2020-09-10,3.98,4,3.77,3.79,2365683
2020-09-11,3.84,3.85,3.74,3.75,1422981
2020-09-14,3.81,3.89,3.74,3.85,2017574
2020-09-15,3.91,4.01,3.87,3.89,1861675
2020-09-16,3.92,4.15,3.89,4.03,3432788
2020-09-17,3.98,4.04,3.9,4.02,2008804
2020-09-18,4.07,4.079,3.885,4.02,2765439
2020-09-21,3.93,4.09,3.88,4.09,2301262
2020-09-22,4.07,4.22,4.01,4.15,11947340
2020-09-23,4.24,4.25,4.05,4.1,3537962
2020-09-24,4.09,4.18,4.05,4.13,2988733
2020-09-25,4.13,4.32,4.09,4.31,2530344
2020-09-28,4.37,4.49,4.34,4.47,2124848
2020-09-29,4.46,4.645,4.45,4.62,2779722
2020-09-30,4.62,4.66,4.49,4.53,2254309
2020-10-01,4.56,4.62,4.445,4.62,1730704
2020-10-02,4.46,4.6,4.45,4.56,1103118
2020-10-05,4.62,4.73,4.57,4.69,1275001
2020-10-06,4.75,5.09,4.72,4.96,4781419
2020-10-07,5.01,6.47,5.01,6.41,22117080
2020-10-08,6.36,6.53,5.98,6.21,11643170
2020-10-09,6.3,6.65,6.07,6.18,6883265
2020-10-12,6.2,6.82,6.14,6.8,10665660
2020-10-13,6.9,7.08,6.56,6.91,9049201
2020-10-14,6.8,7.08,6.665,6.925,5613357
2020-10-15,6.65,7.2,6.6,7.02,5143721
2020-10-16,7.06,7.15,6.77,6.805,5112917
2020-10-19,6.84,6.96,6.53,6.585,3239153
2020-10-20,6.64,6.87,6.45,6.72,3549898
2020-10-21,6.71,6.8198,6.47,6.55,2262944
2020-10-22,6.6,6.77,6.31,6.63,2803264
2020-10-23,6.67,6.93,6.54,6.825,3015036
2020-10-26,6.69,6.79,6.17,6.43,3674665
2020-10-27,6.45,6.49,6.35,6.41,1347843
2020-10-28,6.148,6.29,6.05,6.08,2518952
2020-10-29,6.14,6.255,6.08,6.11,2080445
2020-10-30,6.09,6.1501,5.8,5.94,2189815
2020-11-02,6.03,6.09,5.805,5.85,1617265
2020-11-03,5.97,6.06,5.9034,6,1924226
2020-11-04,6.03,6.24,5.92,6.2,2344397
2020-11-05,6.4,6.72,6.3,6.62,4329014
2020-11-06,7.96,8.82,7.53,7.66,18048391
2020-11-09,7.99,8,6.93,6.935,8135245
2020-11-10,7.12,7.15,6.67,6.75,4208449
2020-11-11,6.87,7.12,6.7501,7,2866613
2020-11-12,7,7.015,6.74,6.775,3310477
2020-11-13,6.79,7.41,6.78,7.14,4961960
2020-11-16,7.21,7.34,7.15,7.34,2786892
2020-11-17,7.29,7.96,7.2814,7.94,4520849
2020-11-18,7.96,8.3,7.89,8,4550725
2020-11-19,7.39,7.47,6.8,6.91,18747010
2020-11-20,6.94,7.02,6.7,6.76,12212180
2020-11-23,6.82,6.97,6.63,6.65,5661546
2020-11-24,6.66,6.79,6.38,6.74,6244033
2020-11-25,6.7,6.92,6.61,6.85,3144711
2020-11-27,6.9,7.21,6.86,7.16,2866080
2020-11-30,7.11,7.275,6.8216,6.99,5252030
2020-12-01,7.11,7.525,7.07,7.46,8827298
2020-12-02,7.41,7.88,7.2916,7.79,7385693
2020-12-03,8.01,8.21,7.84,8.12,7914340
2020-12-04,8.04,8.37,7.82,8.32,5266060
2020-12-07,8.28,8.96,8.25,8.7,9917535
2020-12-08,8.6,8.83,8.46,8.75,4061245
2020-12-09,8.83,8.835,8.23,8.44,3827924
2020-12-10,8.15,8.67,8.12,8.65,2602450
2020-12-11,8.36,8.82,8.31,8.71,3182573
2020-12-14,8.88,8.9,8.615,8.71,3192276
2020-12-15,8.821,8.945,8.66,8.81,3203042
2020-12-16,8.86,8.89,8.52,8.77,4647930
2020-12-17,8.8,8.84,8.683,8.74,2274464
2020-12-18,8.69,9.17,8.69,8.86,7607227
2020-12-21,8.604,8.87,8.32,8.55,7605784
2020-12-22,8.64,8.78,8.34,8.69,3175877
2020-12-23,8.65,8.675,8.46,8.62,1781491
2020-12-24,8.56,8.6769,8.43,8.51,1470492
2020-12-28,8.56,9.1,8.52,8.55,3707933
2020-12-29,8.55,8.57,8.05,8.23,3566685
2020-12-30,8.28,8.395,8.175,8.26,1838355
2020-12-31,8.3,8.55,8.26,8.28,2746351
2021-01-04,8.4,8.41,8,8.09,3181388
2021-01-05,8.0349,8.63,8.0349,8.5,3702163
2021-01-06,8.5,8.8,8.41,8.58,3354775
2021-01-07,8.63,8.86,8.46,8.63,2654834
2021-01-08,8.68,8.7,8.19,8.27,3702389
2021-01-11,8.25,9.47,8.1592,9.39,13711560
2021-01-12,9.24,9.425,8.77,9.04,7566748
2021-01-13,9.115,9.12,8.83,8.96,3799071
2021-01-14,9,9.22,8.9216,8.98,6974040
2021-01-15,8.96,9,8.45,8.72,4414779
2021-01-19,8.88,9.2,8.66,8.89,3384006
2021-01-20,8.969,9.25,8.86,9,2974403
2021-01-21,9.08,9.08,8.685,8.84,2604281
2021-01-22,8.57,8.86,8.5,8.81,2194815
2021-01-25,8.734,9.04,8.515,8.86,4516617
2021-01-26,8.987,9.31,8.81,9.06,5849443
2021-01-27,9.18,10.6,8.661,9.7,18858891
2021-01-28,10.1,10.18,9,9.26,8197534
2021-01-29,9.29,9.57,8.77,8.95,7057030
2021-02-01,9.12,10.85,9.12,10.53,16821359
2021-02-02,11.034,11.19,9.98,10.49,7352003
2021-02-03,10.43,10.958,10.3,10.5,5089008
2021-02-04,10.66,10.75,10.05,10.37,8589469
2021-02-05,9.32,9.58,8.2,8.385,27275301
2021-02-08,8.53,8.7,7.9,8.14,18235840
2021-02-09,8.16,8.34,8.02,8.23,7092888
2021-02-10,8.3,8.565,8.11,8.16,8431015
2021-02-11,8.24,8.39,8.01,8.18,6045289
2021-02-12,8.16,8.2192,7.94,8.04,4660788
2021-02-16,8.11,8.265,7.82,7.915,5215065
2021-02-17,7.86,7.92,7.63,7.8,4347171
2021-02-18,7.58,7.6588,7.33,7.555,4944691
2021-02-19,7.63,7.99,7.57,7.71,6923491
2021-02-22,7.7,8.08,7.64,7.94,5976728
2021-02-23,7.71,7.935,7.02,7.91,5065507
2021-02-24,7.91,8.09,7.7501,7.94,3449414
2021-02-25,7.91,8.015,7.41,7.445,4324655
2021-02-26,7.52,7.695,7.29,7.52,4052747
2021-03-01,7.78,8.33,7.73,8.145,7238351
2021-03-02,8.07,8.42,8.04,8.1,4640093
2021-03-03,8.22,8.71,8.17,8.47,7128790
2021-03-04,8.21,8.36,7.68,7.97,6675973
2021-03-05,8.09,8.14,7.36,8.08,4750427
2021-03-08,8.22,8.25,7.86,7.96,3283638
2021-03-09,8.12,8.51,8.08,8.29,3969158
2021-03-10,8.46,9.39,8.43,9.31,11807400
2021-03-11,9.24,9.905,9.08,9.81,7571926
2021-03-12,9.431,10.79,9.4,10.75,14857790
2021-03-15,11.365,12.68,11.25,12.25,19456400
2021-03-16,11.8135,13.37,11.8135,12.83,26429660
2021-03-17,12.38,13.23,12.065,13.21,9454001
2021-03-18,13.18,13.68,12.88,13.06,8165643
2021-03-19,13.05,13.65,12.5304,13.54,6487198
2021-03-22,13.49,13.79,13.12,13.37,5074033
2021-03-23,13.25,13.44,12.24,12.41,5918202
2021-03-24,12.55,12.63,11.48,11.48,7651208
2021-03-25,10.9,12.18,10.63,11.86,7185919
2021-03-26,12.07,12.25,11.43,11.88,4445972
2021-03-29,11.84,11.9,11.1,11.13,3875922
2021-03-30,11.16,11.51,10.9,11.44,3729189
2021-03-31,11.62,12.13,11.55,11.64,5213922
2021-04-01,11.7,12.6,11.67,12.385,5358317
2021-04-05,12.66,12.77,12.14,12.58,4989927
2021-04-06,12.57,12.6,12.16,12.34,3348573
2021-04-07,12.295,12.52,12.1675,12.27,2222267
2021-04-08,12.38,12.67,12.04,12.57,2422907
2021-04-09,12.56,13.39,12.56,13.08,5059735
2021-04-12,13.07,13.16,11.51,11.76,6044920
2021-04-13,11.93,11.93,11.26,11.9,3850713
2021-04-14,11.9,12.06,11.71,11.73,2792149
2021-04-15,11.79,11.83,11.2,11.39,4326621
2021-04-16,11.2,11.57,11.15,11.37,2467612
2021-04-19,11.07,11.26,10.73,11.11,4510966
2021-04-20,10.92,11.13,10.49,10.82,3469771
2021-04-21,10.79,11.18,10.55,11.13,2848838
2021-04-22,11.18,11.3199,10.81,10.84,2403877
2021-04-23,10.96,11.22,10.78,10.92,1764164
2021-04-26,11.09,11.5,10.82,11.42,4141476
2021-04-27,11.6,11.77,11.2,11.76,3501792
2021-04-28,11.67,11.78,11.46,11.76,2476667
2021-04-29,11.8,11.88,11.312,11.47,2583268
2021-04-30,11.35,11.695,11.17,11.23,1850048
2021-05-03,11.08,11.26,10.97,11.04,2151620
2021-05-04,10.95,10.995,10.6,10.92,2548778
2021-05-05,10.99,11.02,10.46,10.59,2001343
2021-05-06,10.47,10.54,9.96,10.44,3770970
2021-05-07,11.59,12.25,10.695,10.8,12659530
2021-05-10,10.79,10.84,9.25,9.255,9391302
2021-05-11,9.17,9.84,8.9015,9.76,4104710
2021-05-12,9.55,9.6,9.05,9.17,4121582
2021-05-13,9.35,9.47,8.8613,9.3,3858565
2021-05-14,9.62,9.92,9.5,9.86,4137948
2021-05-17,9.72,9.95,9.52,9.89,2484378
2021-05-18,10.05,10.3,9.75,10.01,2819091
2021-05-19,9.49,9.97,9.33,9.93,2478810
2021-05-20,10.05,10.24,9.8,10.09,2211623
2021-05-21,10.18,10.42,9.99,10.08,2452330
2021-05-24,10.1,10.6165,10,10.57,3292180
2021-05-25,10.56,11.22,10.52,11.01,5929248
2021-05-26,11.16,11.63,11.15,11.47,4826063
2021-05-27,11.52,11.7499,11.29,11.5,3377437
2021-05-28,11.5,11.51,11.01,11.22,3583579
2021-06-01,11.3,11.435,10.95,11.25,2769186
2021-06-02,11.28,11.5766,10.99,11.52,4648983
2021-06-03,11.37,11.48,11.06,11.13,2125221
2021-06-04,11.22,11.279,10.93,11.04,1967069
2021-06-07,11.2,11.29,11.04,11.17,1987493
2021-06-08,11.19,12.62,11.17,12.59,9250159
2021-06-09,12.304,12.61,11.87,12.13,5052607
2021-06-10,12.2,12.28,11.86,11.87,3943954
2021-06-11,11.98,12.66,11.95,12.59,3803807
2021-06-14,12.97,12.97,12.26,12.37,3458527
2021-06-15,12.22,12.475,12.11,12.3,2405683
2021-06-16,12.29,12.305,11.735,12.11,2475020
2021-06-17,12.05,12.26,11.86,11.86,2021839
2021-06-18,11.66,11.835,11.29,11.41,3154622
2021-06-21,11.42,11.65,11.32,11.56,1537069
2021-06-22,11.55,11.6,11.27,11.55,2281395
2021-06-23,11.51,11.745,11.51,11.6,1192175
2021-06-24,11.64,11.66,11.275,11.55,2057005
2021-06-25,11.59,11.94,11.45,11.6,3638834
2021-06-28,11.66,11.975,11.385,11.58,2128079
2021-06-29,11.65,11.725,11.51,11.55,1255240
2021-06-30,11.5,11.72,11.11,11.65,3728690
2021-07-01,11.8,11.88,11.23,11.4,2270401
2021-07-02,11.45,11.645,11.17,11.18,1470786
2021-07-06,11.17,11.175,10.66,10.88,2730544
2021-07-07,10.83,10.99,10.2,10.51,4262318
2021-07-08,10.22,10.83,10.18,10.65,2144027
2021-07-09,10.7,10.86,10.48,10.64,1514256
2021-07-12,10.6,11.04,10.53,10.98,2261854
2021-07-13,10.84,10.94,10.425,10.48,1894973
2021-07-14,10.55,10.83,10.41,10.5,1776402
2021-07-15,10.35,10.37,9.925,10.14,3559838
2021-07-16,10.33,10.49,10.06,10.1,1817610
2021-07-19,9.75,10.32,9.73,10.2,2057115
2021-07-20,10.22,10.48,9.945,10.4,2053114
2021-07-21,10.41,10.68,10.26,10.62,1174300
2021-07-22,10.62,10.77,10.215,10.24,2004743
2021-07-23,10.37,10.44,10.22,10.25,932752
2021-07-26,10.24,10.32,10.105,10.31,1627664
2021-07-27,10.31,10.31,9.85,10.14,2255245
2021-07-28,10.21,10.38,10.14,10.27,2114889
2021-07-29,10.3,10.56,10.28,10.43,1689478
2021-07-30,10.35,10.46,10.135,10.24,1335075
2021-08-02,10.34,10.44,9.97,10,1607312
2021-08-03,10.05,10.11,9.78,10.07,1657991
2021-08-04,10.03,10.13,9.85,9.88,1769549
2021-08-05,9.93,10.28,9.765,10.07,3738123
2021-08-06,10.785,10.83,10.03,10.09,5806231
2021-08-09,10.17,11.33,10.16,10.89,5996892
2021-08-10,10.84,11.57,10.701,11.36,3775192
2021-08-11,11.38,11.4,10.42,10.64,3826542
2021-08-12,10.65,10.75,10.41,10.46,1870546
2021-08-13,10.42,10.5165,10.06,10.14,2456044
2021-08-16,10.09,10.32,9.92,10.19,2049683
2021-08-17,10.03,10.24,9.86,10.13,2090530
2021-08-18,10.07,10.14,9.95,10.02,1749352
2021-08-19,9.89,9.9694,9.655,9.8,2531908
2021-08-20,9.81,10.11,9.73,10,1720585
2021-08-23,10.13,10.23,10.01,10.06,1672719
2021-08-24,10.105,10.35,10.05,10.3,1668392
2021-08-25,10.23,10.29,10.02,10.02,1421548
2021-08-26,10,10.11,9.813,9.85,1562711
2021-08-27,9.86,10.15,9.81,10.03,1778386
2021-08-30,10.04,10.115,9.8,9.86,2429782
2021-08-31,9.86,10.065,9.8499,9.97,1964367
2021-09-01,10.05,10.19,9.995,10.12,1966347
2021-09-02,10.15,10.2,9.9,9.93,2721462
2021-09-03,9.92,10.06,9.91,9.91,1655500
2021-09-07,9.92,9.955,9.76,9.82,1709925
2021-09-08,9.735,9.81,9.52,9.55,2196664
2021-09-09,9.53,9.73,9.32,9.61,2462560
2021-09-10,9.69,9.865,9.295,9.32,1812547
2021-09-13,9.38,9.595,9.295,9.51,2712256
2021-09-14,9.52,9.64,9.22,9.41,2895415
2021-09-15,9.4,9.595,9.23,9.57,2459065
2021-09-16,9.6,9.755,9.545,9.66,2031575
2021-09-17,9.58,9.66,9.39,9.57,2312808
2021-09-20,9.3,9.463,9.17,9.41,2418302
2021-09-21,9.42,9.545,9.34,9.44,1488516
2021-09-22,9.48,9.85,9.48,9.74,2143620
2021-09-23,9.8,9.99,9.77,9.85,1203178
2021-09-24,9.8,9.84,9.52,9.78,1703648
2021-09-27,9.79,9.94,9.645,9.91,1657235
2021-09-28,9.87,9.8766,9.61,9.68,1534201
2021-09-29,9.7,9.7,9.42,9.48,1267904
2021-09-30,9.42,9.58,9.29,9.36,1934943
2021-10-01,9.38,9.5,9.31,9.39,1489703
2021-10-04,9.29,9.45,9.0132,9.07,2660980
2021-10-05,9.13,9.21,8.99,9.15,1782925
2021-10-06,9.01,9.08,8.8,8.87,2395504
2021-10-07,8.97,9.1,8.9,8.91,1627395
2021-10-08,8.92,8.96,8.65,8.65,1985440
2021-10-11,8.67,9.0664,8.655,8.74,2113975
2021-10-12,8.847,8.94,8.77,8.8,1688581
2021-10-13,8.83,8.94,8.81,8.92,1069140
2021-10-14,8.97,9.11,8.9,9.02,2986191
2021-10-15,9.11,9.139,8.83,8.83,2386435
2021-10-18,8.77,9.09,8.75,9.06,1875974
2021-10-19,9.14,9.19,8.98,9.13,1371081
2021-10-20,9.13,9.27,9.1,9.15,1262730
2021-10-21,9.1,9.19,9.0929,9.14,2058980
2021-10-22,9.06,9.12,8.815,8.89,1855918
2021-10-25,8.87,8.99,8.81,8.89,2466931
2021-10-26,8.94,8.95,8.58,8.65,2756538
2021-10-27,8.64,8.69,8.53,8.56,1916885
2021-10-28,8.55,8.77,8.5125,8.73,2383407
2021-10-29,8.68,8.72,8.525,8.61,1734046
2021-11-01,8.67,8.93,8.66,8.79,2287920
2021-11-02,8.76,8.76,8.53,8.65,2232435
2021-11-03,8.62,9.05,8.605,9,4045309
2021-11-04,9.04,9.06,8.82,8.88,3717137
2021-11-05,9.95,10.1,9.285,9.58,8340335
2021-11-08,9.67,10.1,9.665,9.88,5455656
2021-11-09,9.91,10.12,9.815,9.89,2733725
2021-11-10,9.86,10.05,9.635,9.67,2603685
2021-11-11,9.99,10.7,9.9417,10.46,5751133
2021-11-12,10.49,11.16,10.47,11.16,7227958
2021-11-15,11.2,11.65,10.75,11.62,7402924
2021-11-16,11.43,11.89,11.42,11.64,7051628
2021-11-17,11.63,11.69,11.35,11.55,3429862
2021-11-18,12.05,12.1374,11.41,11.45,5403519
2021-11-19,11.32,11.64,11.121,11.17,2611575
2021-11-22,11.19,11.34,10.9,10.91,2861992
2021-11-23,10.6,10.9,10.46,10.64,3664994
2021-11-24,10.465,10.665,10.42,10.49,2458145
2021-11-26,10.17,10.5,10.14,10.27,1611055
2021-11-29,10.44,10.58,10.16,10.33,2541249
2021-11-30,10.34,10.48,9.915,10,3563578
2021-12-01,10.32,10.665,10.08,10.08,3103759
2021-12-02,10.1,10.26,9.861,10.26,2064848
2021-12-03,10.25,10.27,9.83,9.88,3020328
2021-12-06,9.84,10.26,9.63,10.12,1970864
2021-12-07,10.32,10.59,10.28,10.51,2260750
2021-12-08,10.57,10.82,10.535,10.79,1864739
2021-12-09,10.69,10.98,10.67,10.76,1973437
2021-12-10,10.79,10.91,10.5,10.66,2235781
2021-12-13,11,11.59,10.69,10.7,5366325
2021-12-14,10.25,10.69,10.2,10.62,2781228
2021-12-15,10.6,10.85,10.31,10.84,2056351
2021-12-16,10.87,10.985,10.45,10.53,2093929
2021-12-17,10.53,10.62,10.32,10.46,2589233
2021-12-20,10.19,10.395,10.05,10.36,1920774
2021-12-21,10.54,10.74,10.41,10.68,1353275
2021-12-22,10.62,10.829,10.58,10.76,924499
2021-12-23,10.71,10.9,10.6496,10.78,1043382
2021-12-27,10.78,10.86,10.62,10.68,1768185
2021-12-28,10.65,10.9399,10.59,10.67,1313813
2021-12-29,10.63,10.86,10.57,10.61,2518796
2021-12-30,10.56,10.715,10.46,10.48,1296082
2021-12-31,10.46,10.69,10.27,10.31,1729859
2022-01-03,10.41,10.82,10.41,10.66,1867903
2022-01-04,10.66,10.91,10.6,10.91,1774264
2022-01-05,10.85,11.11,10.56,10.67,2239498
2022-01-06,10.62,10.925,10.54,10.69,1724291
2022-01-07,10.86,10.99,10.59,10.68,1867781
2022-01-10,10.595,10.66,10.17,10.42,3000515
2022-01-11,10.4,10.71,10.19,10.59,1964299
2022-01-12,10.59,10.74,10.48,10.58,1105762
2022-01-13,10.6,10.675,10.4,10.42,1131995
2022-01-14,10.26,10.4907,10.26,10.44,1672102
2022-01-18,10.37,10.44,9.97,10.01,2620928
2022-01-19,10,10.1099,9.69,9.7,2954361
2022-01-20,9.7,9.8501,9.15,9.18,3416767
2022-01-21,9.06,9.17,8.8,8.92,4587215
2022-01-24,8.5,8.76,8.11,8.71,5147524
2022-01-25,8.5,8.695,8.37,8.58,3184476
2022-01-26,8.76,8.82,8.38,8.47,5848298
2022-01-27,8.57,8.645,8.24,8.34,2757552
2022-01-28,8.35,8.52,8.12,8.51,2498269
2022-01-31,8.465,8.91,8.465,8.86,3880431
2022-02-01,9.01,9.25,8.9191,9.24,3576916
2022-02-02,9.32,9.495,9.05,9.06,2930630
2022-02-03,8.84,8.95,8.37,8.44,6081316
2022-02-04,8.84,9.27,8.595,8.78,6125524
2022-02-07,8.83,9.055,8.8,8.92,3976348
2022-02-08,8.89,9.26,8.85,9.21,4174263
2022-02-09,9.32,9.35,9.01,9.11,3390616
2022-02-10,8.96,9.175,8.77,8.78,3470680
2022-02-11,8.836,9.075,8.7,8.75,4181807
2022-02-14,8.72,9.055,8.72,8.83,2987752
2022-02-15,8.98,9.14,8.92,9.06,2747394
2022-02-16,8.98,9,8.82,8.96,2240861
2022-02-17,8.82,8.93,8.69,8.7,2377664
2022-02-18,8.64,8.77,8.56,8.68,2442106
2022-02-22,8.5563,8.65,8.3301,8.48,2474175
2022-02-23,8.53,8.575,8.21,8.27,2323645
2022-02-24,7.88,8.49,7.84,8.47,4002374
2022-02-25,8.48,8.56,8.25,8.54,2101767
2022-02-28,8.59,8.77,8.52,8.6,3737705
2022-03-01,8.62,8.81,8.26,8.36,2773697
2022-03-02,8.46,8.81,8.41,8.72,2864221
2022-03-03,8.72,8.78,8.46,8.57,1749778
2022-03-04,8.47,8.5,8.14,8.23,1846479
2022-03-07,8.14,8.27,7.66,7.66,3166000
2022-03-08,7.63,8,7.558,7.72,2866953
2022-03-09,7.96,8.085,7.91,7.96,1427396
2022-03-10,7.8,7.94,7.7,7.91,1561373
2022-03-11,7.93,7.99,7.69,7.69,1180754
2022-03-14,7.75,7.794,7.37,7.44,2086585
2022-03-15,7.46,7.67,7.42,7.62,1831392
2022-03-16,7.71,7.96,7.68,7.93,2265854
2022-03-17,7.83,8.01,7.825,8,1532193
2022-03-18,7.89,8.14,7.85,8.14,2231871
2022-03-21,8.09,8.18,7.9301,8.02,1478952
2022-03-22,8.08,8.29,8.08,8.26,1898869
2022-03-23,8.19,8.33,8.1078,8.24,1558449
2022-03-24,8.32,8.415,8.245,8.41,1518186
2022-03-25,8.38,8.44,8.295,8.37,2333182
2022-03-28,8.39,8.45,8.32,8.45,1367510
2022-03-29,8.56,8.835,8.56,8.82,2461115
2022-03-30,8.79,8.85,8.63,8.65,2128759
2022-03-31,8.585,8.615,8.43,8.53,2259903
2022-04-01,8.59,8.71,8.445,8.54,2724206
2022-04-04,8.63,8.87,8.58,8.83,1795331
2022-04-05,8.76,8.87,8.485,8.5,2868509
2022-04-06,8.39,8.41,8.16,8.28,2433944
2022-04-07,8.3,8.47,8.205,8.32,3119419
2022-04-08,8.32,8.45,8.2301,8.31,2411388
2022-04-11,8.28,8.44,8.085,8.36,2909368
2022-04-12,8.5,8.92,8.45,8.58,3225626
2022-04-13,8.6,8.886,8.51,8.85,1792189
2022-04-14,8.83,8.89,8.68,8.75,1831562
2022-04-18,8.72,8.84,8.525,8.83,2285307
2022-04-19,8.79,8.98,8.73,8.86,1975153
2022-04-20,8.91,9.13,8.905,9.06,2126451
2022-04-21,9.13,9.24,8.76,8.83,1939138
2022-04-22,8.78,8.8,8.53,8.59,1873688
2022-04-25,8.48,8.94,8.44,8.92,2696712
2022-04-26,8.86,8.89,8.52,8.68,1967691
2022-04-27,8.65,8.72,8.36,8.46,1908231
2022-04-28,8.57,8.72,8.36,8.62,1470751
2022-04-29,8.61,8.94,8.58,8.92,3662751
2022-05-02,8.93,8.94,8.66,8.84,2262119
2022-05-03,8.87,9.27,8.75,9.24,3066189
2022-05-04,9.23,9.42,8.89,9.39,2852353
2022-05-05,9.2,9.24,8.66,8.75,2644630
2022-05-06,8.155,8.155,6.86,7.15,7183786
2022-05-09,7,7.04,6.39,6.45,5117702
2022-05-10,6.68,6.8,6.28,6.49,2931134
2022-05-11,6.47,6.76,6.34,6.35,4199661
2022-05-12,6.34,6.8,6.3,6.67,3343255
2022-05-13,6.867,7.125,6.8,7.05,3215843
2022-05-16,7.04,7.06,6.83,6.89,1891188
2022-05-17,7.01,7.185,6.99,7.08,1673134
2022-05-18,6.89,7.02,6.715,6.79,1735340
2022-05-19,6.67,6.86,6.6485,6.66,1908769
2022-05-20,6.77,6.77,6.43,6.63,1680053
2022-05-23,6.69,6.71,6.555,6.68,1411081
2022-05-24,6.54,6.58,6.22,6.28,1564347
2022-05-25,6.23,6.465,6.18,6.43,1850291
2022-05-26,6.46,6.765,6.46,6.68,2143709
2022-05-27,6.76,7.02,6.76,6.99,1685752
2022-05-31,6.842,6.995,6.79,6.91,1588327
2022-06-01,6.99,7.05,6.7401,6.8,1525659
2022-06-02,6.86,7.04,6.85,6.98,1172744
2022-06-03,6.85,6.94,6.7538,6.82,1030473
2022-06-06,6.91,7,6.72,6.79,1626962
2022-06-07,6.68,6.835,6.65,6.82,1368277
2022-06-08,6.76,6.7799,6.65,6.67,1749668
2022-06-09,6.6,6.69,6.49,6.51,1223112
2022-06-10,6.41,6.489,6.28,6.35,1260860
2022-06-13,6.14,6.22,5.85,5.88,2721671
2022-06-14,5.9,5.96,5.62,5.74,2130982
2022-06-15,5.925,6.09,5.75,5.98,1929250
2022-06-16,5.76,5.92,5.565,5.76,1998589
2022-06-17,5.86,5.945,5.74,5.87,2035796
2022-06-21,5.98,6.15,5.935,5.96,1428207
2022-06-22,5.88,6.075,5.821,5.93,2248387
2022-06-23,5.96,6.095,5.89,6.06,1699602
2022-06-24,6.08,6.25,5.9525,5.97,7260836
2022-06-27,6.05,6.15,5.94,5.97,1724132
2022-06-28,6,6.06,5.7913,5.81,1666493
2022-06-29,5.78,5.7888,5.5,5.6,2224947
2022-06-30,5.49,5.61,5.45,5.53,1600111
2022-07-01,5.505,5.625,5.41,5.56,2729735
2022-07-05,5.4,5.7,5.35,5.7,3477966
2022-07-06,5.73,5.798,5.47,5.55,2343215
2022-07-07,5.62,5.69,5.53,5.55,3276443
2022-07-08,5.56,5.62,5.43,5.56,2087479
2022-07-11,5.52,5.62,5.4,5.46,1879033
2022-07-12,5.45,5.615,5.45,5.47,1724038
2022-07-13,5.36,5.485,5.336,5.45,1588290
2022-07-14,5.37,5.39,5.245,5.26,1945171
2022-07-15,5.38,5.455,5.33,5.4,1782604
2022-07-18,5.5,5.7,5.49,5.59,2039980
2022-07-19,5.66,5.89,5.66,5.85,2213183
2022-07-20,5.86,5.99,5.785,5.96,2119631
2022-07-21,5.95,6.2499,5.9012,6.24,1779492
2022-07-22,6.2,6.2,5.965,6.03,1322451
2022-07-25,6.04,6.155,5.96,6.07,1019520
2022-07-26,6,6,5.84,5.88,1039789
2022-07-27,5.97,6.21,5.875,6.17,1351318
2022-07-28,6.24,6.32,6.1311,6.31,1476814
2022-07-29,6.43,6.43,6.265,6.36,2103910
2022-08-01,6.378,6.53,6.11,6.45,2791386
2022-08-02,6.37,6.505,6.351,6.45,1637186
2022-08-03,6.5,6.77,6.5,6.74,2142879
2022-08-04,6.79,6.89,6.675,6.84,3361780
2022-08-05,6.6,6.79,6.31,6.56,2975996
2022-08-08,6.79,6.79,6.43,6.68,2867926
2022-08-09,6.65,6.655,6.48,6.58,2066900
2022-08-10,6.81,6.91,6.72,6.75,2869085
2022-08-11,6.8,6.845,6.67,6.71,1907038
2022-08-12,6.77,6.87,6.64,6.84,2270087
2022-08-15,6.8,6.845,6.72,6.83,1355419
2022-08-16,6.76,6.9,6.7,6.87,2164210
2022-08-17,6.79,6.8553,6.71,6.76,2121109
2022-08-18,6.78,6.79,6.58,6.64,1484942
2022-08-19,6.512,6.57,6.35,6.41,1324014
2022-08-22,6.29,6.32,6.17,6.25,1173397
2022-08-23,6.23,6.4154,6.23,6.29,1097373
2022-08-24,6.29,6.39,6.22,6.32,937388
2022-08-25,6.37,6.49,6.3,6.38,3023909
2022-08-26,6.38,6.38,6.055,6.1,1643955
2022-08-29,6.04,6.18,5.985,6.13,1292572
2022-08-30,6.2,6.24,6.04,6.05,1051062
2022-08-31,6.07,6.13,6.01,6.09,1339966
2022-09-01,6.03,6.06,5.89,5.96,1629082
2022-09-02,6.02,6.08,5.87,5.9,1074859
2022-09-06,5.91,5.949,5.66,5.68,1324369
2022-09-07,5.66,5.81,5.66,5.8,1472005
2022-09-08,5.72,5.79,5.66,5.78,1139916
2022-09-09,5.85,5.96,5.8233,5.93,1803310
2022-09-12,5.99,6.075,5.96,6.06,2161932
2022-09-13,5.86,5.93,5.68,5.71,1875044
2022-09-14,5.71,5.79,5.59,5.77,4790444
2022-09-15,5.78,5.9599,5.71,5.73,1746102
2022-09-16,5.63,5.68,5.4706,5.65,2366910
2022-09-19,5.565,5.699,5.53,5.6,1504421
2022-09-20,5.54,5.55,5.28,5.34,1745659
2022-09-21,5.36,5.42,5.21,5.28,1915983
2022-09-22,5.26,5.28,5.11,5.12,2200632
2022-09-23,5.03,5.1108,4.98,5.03,5752809
2022-09-26,5.02,5.13,4.98,4.99,1963194
2022-09-27,5.05,5.09,4.9,4.95,1882673
2022-09-28,4.95,5.17,4.94,5.13,1402494
2022-09-29,5.03,5.13,4.95,4.99,1631266
2022-09-30,4.97,5.1,4.93,4.93,1748004
2022-10-03,4.97,5.135,4.94,5.09,1343691
2022-10-04,5.19,5.24,5.14,5.23,1331750
2022-10-05,5.1,5.19,5.04,5.16,1085938
2022-10-06,5.14,5.21,5.1,5.15,1071278
2022-10-07,5.05,5.1,4.95,5.01,1757395
2022-10-10,5.02,5.055,4.91,5.03,1801253
2022-10-11,4.97,5.07,4.91,4.96,1086202
2022-10-12,4.96,5.02,4.91,4.99,1081851
2022-10-13,4.88,5.17,4.8,5.15,2029959
2022-10-14,5.18,5.19,5.07,5.13,1263902
2022-10-17,5.22,5.245,5.15,5.21,1315432
2022-10-18,5.3,5.44,5.21,5.26,1250930
2022-10-19,5.21,5.255,5.03,5.12,1116036
2022-10-20,5.13,5.35,5.1,5.18,1078927
2022-10-21,5.19,5.41,5.1,5.39,1403730
2022-10-24,5.43,5.48,5.29,5.47,1912786
2022-10-25,5.47,5.59,5.4,5.49,1437877
2022-10-26,5.47,5.595,5.43,5.48,995493
2022-10-27,5.5,5.5799,5.39,5.4,833935
2022-10-28,5.4,5.51,5.31,5.5,977336
2022-10-31,5.45,5.495,5.41,5.45,1430993
2022-11-01,5.54,5.615,5.46,5.52,1222140
2022-11-02,5.48,5.48,5.22,5.22,1689207
2022-11-03,5.12,5.16,4.97,5,2339505
2022-11-04,4.7,4.93,4.5,4.91,4647763
2022-11-07,4.9,5.225,4.77,5.22,4694458
2022-11-08,5.23,5.38,5.17,5.28,3402984
2022-11-09,5.22,5.28,5.13,5.15,1899118
2022-11-10,5.39,5.39,5.26,5.37,4742044
2022-11-11,5.38,5.755,5.35,5.71,3637524
2022-11-14,5.64,5.75,5.56,5.56,1394643
2022-11-15,5.67,5.75,5.61,5.66,1476745
2022-11-16,5.58,5.66,5.4,5.41,1315595
2022-11-17,5.32,5.51,5.31,5.51,1101020
2022-11-18,5.6,5.64,5.45,5.48,1258619
2022-11-21,5.44,5.45,5.345,5.39,1550473
2022-11-22,5.44,5.46,5.37,5.41,986728
2022-11-23,5.39,5.45,5.3445,5.44,592203
2022-11-25,5.41,5.54,5.4,5.54,880276
2022-11-28,5.45,5.49,5.28,5.29,1347408
2022-11-29,5.29,5.405,5.25,5.34,998435
2022-11-30,5.32,5.49,5.205,5.48,1542563
2022-12-01,5.5,5.62,5.405,5.42,1353615
2022-12-02,5.36,5.55,5.355,5.54,1074007
2022-12-05,5.52,5.565,5.4,5.44,1165215
2022-12-06,5.43,5.44,5.2525,5.33,2113400
2022-12-07,5.31,5.35,5.17,5.23,1179664
2022-12-08,5.26,5.345,5.215,5.3,1147531
2022-12-09,5.27,5.37,5.215,5.3,1297404
2022-12-12,5.3,5.33,5.2415,5.28,814960
2022-12-13,5.48,5.555,5.275,5.3,1448897
2022-12-14,5.22,5.35,5.205,5.27,1403052
2022-12-15,5.17,5.205,5.0501,5.06,1624010
2022-12-16,5,5.1,4.85,4.91,2569395
2022-12-19,4.91,4.95,4.85,4.87,1363827
2022-12-20,4.85,4.92,4.815,4.9,1105418
2022-12-21,4.96,5.09,4.96,5.05,1273986
2022-12-22,5.01,5.06,4.89,5.04,1612836
2022-12-23,4.97,5.05,4.95,5.03,869334
2022-12-27,5.02,5.04,4.875,4.9,1185965
2022-12-28,4.89,4.95,4.75,4.76,1513716
2022-12-29,4.8,4.915,4.78,4.9,1479416
2022-12-30,4.83,4.99,4.81,4.98,1302503
2023-01-03,5.01,5.1722,5.01,5.08,1273666
2023-01-04,5.14,5.2,5.085,5.13,1320578
2023-01-05,5.14,5.16,5.035,5.1,966856
2023-01-06,5.14,5.26,5.12,5.25,860630
2023-01-09,5.27,5.38,5.23,5.23,1228545
2023-01-10,5.2,5.42,5.1944,5.4,959835
2023-01-11,5.46,5.55,5.41,5.54,1435685
2023-01-12,5.53,5.6,5.48,5.58,850505
2023-01-13,5.55,5.64,5.525,5.61,1170925
2023-01-17,5.6,5.6879,5.55,5.59,1074077
2023-01-18,5.63,5.71,5.47,5.48,1007939
2023-01-19,5.41,5.55,5.37,5.53,1022990
2023-01-20,5.57,5.665,5.52,5.63,975226
2023-01-23,5.63,5.795,5.62,5.78,1499097
2023-01-24,5.76,5.8683,5.72,5.84,959912
2023-01-25,5.77,5.96,5.76,5.93,1007941
2023-01-26,5.98,6,5.91,6,1387488
2023-01-27,5.99,6.2,5.95,6.16,1223686
2023-01-30,6.1,6.17,5.98,6.08,2727138
2023-01-31,6.07,6.155,5.975,6.15,2119801
2023-02-01,6.14,6.315,6.04,6.3,2148654
2023-02-02,6.39,6.57,6.37,6.46,3025390
2023-02-03,6.17,6.17,5.4601,5.69,5715263
2023-02-06,5.64,5.76,5.46,5.51,3768056
2023-02-07,5.5,5.71,5.48,5.7,2250908
2023-02-08,5.66,5.67,5.57,5.62,1570552
2023-02-09,5.65,5.74,5.52,5.54,1913792
2023-02-10,5.5,5.595,5.4622,5.47,1661687
2023-02-13,5.44,5.77,5.43,5.68,3182881
2023-02-14,5.64,5.755,5.6,5.68,1973690
2023-02-15,5.695,6.07,5.68,5.99,2865585
2023-02-16,5.84,5.935,5.78,5.79,2419835
2023-02-17,5.78,5.79,5.62,5.68,1410727
2023-02-21,5.59,5.63,5.46,5.46,1667288
2023-02-22,5.45,5.49,5.29,5.31,1586358
2023-02-23,5.32,5.39,5.265,5.36,1429804
2023-02-24,5.25,5.27,5.11,5.14,1213286
2023-02-27,5.22,5.29,5.19,5.21,1450013
2023-02-28,5.16,5.23,5.15,5.19,1440798
2023-03-01,5.19,5.31,5.16,5.24,1461348
2023-03-02,5.2,5.3877,5.16,5.3,1081652
2023-03-03,5.34,5.42,5.31,5.37,1028319
2023-03-06,5.39,5.39,5.21,5.24,1279154
2023-03-07,5.22,5.285,5.18,5.18,1086904
2023-03-08,5.19,5.19,5.1,5.18,1341558
2023-03-09,5.2,5.255,5.12,5.17,1520051
2023-03-10,5.15,5.1639,4.97,5.03,1695998
2023-03-13,5.01,5.07,4.8715,4.98,1636361
2023-03-14,5.11,5.13,5.03,5.11,1250168
2023-03-15,4.98,5.09,4.95,5.08,1532552
2023-03-16,5.01,5.11,5,5.06,1093596
2023-03-17,4.99,5.06,4.9,4.93,1647308
2023-03-20,4.93,4.9999,4.9,4.92,1190807
2023-03-21,4.97,5.06,4.97,5.02,1111885
2023-03-22,5.01,5.03,4.86,4.87,1153001
2023-03-23,4.92,5,4.83,4.88,1135973
2023-03-24,4.84,4.88,4.77,4.86,1097497
2023-03-27,4.86,4.925,4.78,4.84,902702
2023-03-28,4.85,4.85,4.76,4.79,725370
2023-03-29,4.83,4.88,4.81,4.88,745107
2023-03-30,4.91,4.9385,4.87,4.91,573613
2023-03-31,4.93,5.03,4.93,5.03,1178374
2023-04-03,5.01,5.05,4.9,4.95,840240
2023-04-04,4.95,4.98,4.89,4.96,962748
2023-04-05,4.93,4.93,4.8,4.84,980861
2023-04-06,4.84,4.84,4.7,4.8,1206821
2023-04-10,4.78,4.84,4.75,4.8,1039302
2023-04-11,4.8,4.835,4.73,4.76,1440390
2023-04-12,4.79,4.8095,4.61,4.61,1546026
2023-04-13,4.67,4.79,4.65,4.77,1049745
2023-04-14,4.75,4.8,4.64,4.66,967445
2023-04-17,4.66,4.72,4.625,4.72,820510
2023-04-18,4.71,4.73,4.58,4.61,1082804
2023-04-19,4.59,4.61,4.55,4.57,1463493
2023-04-20,4.53,4.54,4.495,4.53,1136660
2023-04-21,4.53,4.53,4.45,4.51,1361761
2023-04-24,4.49,4.515,4.4,4.44,1383195
2023-04-25,4.4,4.4,4.24,4.25,1287103
2023-04-26,4.25,4.32,4.225,4.245,1084803
2023-04-27,4.28,4.29,4.22,4.29,1257202
2023-04-28,4.25,4.32,4.25,4.28,1098476
2023-05-01,4.26,4.29,4.18,4.18,1076094
2023-05-02,4.19,4.19,4.03,4.1,1306986
2023-05-03,4.1,4.22,4.1,4.15,1596173
2023-05-04,4.13,4.19,4.1,4.16,1148148
2023-05-05,4.2,4.37,4.2,4.35,1253511
2023-05-08,4.38,4.38,4.24,4.29,1055046
2023-05-09,4.26,4.41,4.25,4.4,1542596
2023-05-10,4.21,4.21,3.87,4.01,2987407
2023-05-11,3.95,4,3.82,3.825,1863863
2023-05-12,3.83,3.915,3.81,3.88,1838486
2023-05-15,3.88,4.02,3.86,4,2231221
2023-05-16,3.95,3.99,3.82,3.83,1474651
2023-05-17,3.86,4.02,3.86,4,2197884
2023-05-18,3.99,4.14,3.98,4.07,1779522
2023-05-19,4.1,4.135,4.03,4.03,1520640
2023-05-22,4.05,4.215,4.049,4.18,1961643
2023-05-23,4.14,4.26,4.14,4.14,1685040
2023-05-24,4.13,4.175,4.08,4.12,1567532
2023-05-25,4.08,4.125,3.93,3.93,1224610
2023-05-26,3.95,4.16,3.95,4.11,1444694
2023-05-30,4.15,4.24,4.11,4.22,1414165
2023-05-31,4.18,4.23,4.115,4.2,1700486
2023-06-01,4.17,4.22,4.11,4.13,861252
2023-06-02,4.2,4.29,4.19,4.29,1330695
2023-06-05,4.3,4.315,4.19,4.23,1079718
2023-06-06,4.21,4.38,4.2,4.37,827554
2023-06-07,4.37,4.43,4.27,4.31,1156280
2023-06-08,4.3,4.345,4.21,4.22,891310
2023-06-09,4.2,4.26,4.16,4.18,1202196
2023-06-12,4.18,4.26,4.18,4.23,983268
2023-06-13,4.24,4.31,4.23,4.27,870274
2023-06-14,4.29,4.33,4.12,4.15,1590507
2023-06-15,4.15,4.25,4.13,4.24,1107202
2023-06-16,4.25,4.28,4.15,4.2,1626864
2023-06-20,4.21,4.23,4.15,4.16,1285293
2023-06-21,4.15,4.21,4.08,4.19,1076557
2023-06-22,4.19,4.19,4.075,4.12,1062655
2023-06-23,4.07,4.14,4.0399,4.12,1541413
2023-06-26,4.1,4.1599,4.045,4.07,1018848
2023-06-27,4.07,4.14,4.04,4.12,648519
2023-06-28,4.12,4.13,4.07,4.12,654221
2023-06-29,4.11,4.23,4.1,4.2,1120493
2023-06-30,4.21,4.27,4.13,4.14,1381194
2023-07-03,4.16,4.23,4.151,4.19,530062
2023-07-05,4.17,4.17,4.05,4.06,1437194
2023-07-06,4.05,4.07,3.95,4.03,1490537
2023-07-07,4.05,4.16,4.03,4.12,1605777
2023-07-10,4.12,4.18,4.1,4.14,1171925
2023-07-11,4.13,4.225,4.13,4.18,1499921
2023-07-12,4.22,4.29,4.22,4.25,1105776
2023-07-13,4.27,4.32,4.245,4.31,879069
2023-07-14,4.3,4.35,4.26,4.26,1550488
2023-07-17,4.28,4.37,4.23,4.36,1145965
2023-07-18,4.37,4.45,4.3101,4.32,867104
2023-07-19,4.34,4.4,4.31,4.34,817522
2023-07-20,4.34,4.34,4.18,4.19,769656
2023-07-21,4.24,4.24,4.12,4.13,809008
2023-07-24,4.13,4.17,4.09,4.11,981751
2023-07-25,4.1,4.13,4.07,4.1,773228
2023-07-26,4.1,4.185,4.08,4.16,1083288
2023-07-27,4.18,4.19,4.06,4.07,636206
2023-07-28,4.1,4.135,4.04,4.07,1194334
2023-07-31,4.07,4.1292,4.07,4.09,958830
2023-08-01,4.06,4.12,4.03,4.11,941337
2023-08-02,4.08,4.08,3.96,4.02,1190770
2023-08-03,4,4.165,3.99,4.12,1541944
2023-08-04,4.08,4.09,3.69,3.715,3950564
2023-08-07,3.86,3.86,3.65,3.75,2633593
2023-08-08,3.69,3.82,3.69,3.81,2140941
2023-08-09,3.8,3.85,3.71,3.81,2082734
2023-08-10,3.81,3.96,3.81,3.91,2247729
2023-08-11,3.87,4,3.87,3.95,1531703
2023-08-14,3.9,4.01,3.88,4.005,1291212
2023-08-15,3.97,3.98,3.73,3.74,2173141
2023-08-16,3.71,3.74,3.52,3.52,2277997
2023-08-17,3.53,3.69,3.53,3.68,2482795
2023-08-18,3.62,3.8,3.62,3.75,1788657
2023-08-21,3.74,3.83,3.695,3.77,1611569
2023-08-22,3.8,3.815,3.66,3.72,1225911
2023-08-23,3.8,3.91,3.75,3.9,1433681
2023-08-24,3.91,3.94,3.78,3.81,1375236
2023-08-25,3.82,3.87,3.71,3.73,925760
2023-08-28,3.77,3.8,3.65,3.67,1037114
2023-08-29,3.67,3.74,3.65,3.69,1040225
2023-08-30,3.66,3.7,3.6,3.61,1089983
2023-08-31,3.65,3.75,3.62,3.635,1802986
2023-09-01,3.67,3.71,3.6,3.64,886763
2023-09-05,3.63,3.64,3.55,3.56,1172528
2023-09-06,3.55,3.5901,3.5,3.56,871140
2023-09-07,3.52,3.53,3.44,3.5,1280263
2023-09-08,3.5,3.505,3.42,3.44,746075
2023-09-11,3.44,3.515,3.39,3.42,1766716
2023-09-12,3.41,3.45,3.38,3.44,1175893
2023-09-13,3.43,3.49,3.405,3.48,947694
2023-09-14,3.48,3.57,3.46,3.56,980172
2023-09-15,3.56,3.59,3.5,3.54,1494077
2023-09-18,3.55,3.595,3.48,3.52,791130
2023-09-19,3.51,3.53,3.45,3.48,727766
2023-09-20,3.49,3.55,3.46,3.49,538924
2023-09-21,3.45,3.465,3.35,3.36,677137
2023-09-22,3.37,3.39,3.27,3.28,994984
2023-09-25,3.27,3.28,3.23,3.25,1027430
2023-09-26,3.28,3.28,3.14,3.15,1776818
2023-09-27,3.24,3.31,3.17,3.19,1401446
2023-09-28,3.19,3.205,3.1,3.14,912725
2023-09-29,3.17,3.195,3.12,3.14,1398113
2023-10-02,3.14,3.14,3.01,3.02,1259925
2023-10-03,3,3.11,2.99,3.07,1462813
2023-10-04,3.07,3.085,2.99,3.01,1111221
2023-10-05,3,3.02,2.87,2.9,1436087
2023-10-06,2.9,2.93,2.82,2.9,1216160
2023-10-09,2.88,2.89,2.83,2.87,970982
2023-10-10,2.88,3.015,2.88,2.98,1262903
2023-10-11,3,3.05,2.86,2.88,1122253
2023-10-12,2.9,2.9,2.77,2.8,1143553
2023-10-13,2.8,2.82,2.75,2.75,1158212
2023-10-16,2.78,2.839,2.76,2.79,868997
2023-10-17,2.78,2.9,2.75,2.86,1083211
2023-10-18,2.86,2.865,2.68,2.69,1244436
2023-10-19,2.69,2.72,2.62,2.66,2049063
2023-10-20,2.67,2.68,2.6,2.6,999717
2023-10-23,2.61,2.68,2.58,2.66,1319196
2023-10-24,2.69,2.72,2.625,2.64,1007023
2023-10-25,2.61,2.64,2.54,2.6,1226674
2023-10-26,2.61,2.625,2.52,2.54,1226740
2023-10-27,2.54,2.55,2.41,2.43,1581952
2023-10-30,2.5,2.5,2.41,2.43,1265677
2023-10-31,2.44,2.51,2.422,2.51,1027807
2023-11-01,2.51,2.575,2.48,2.51,1118927
2023-11-02,2.56,2.69,2.55,2.68,1481280
2023-11-03,2.72,2.84,2.67,2.83,1858810
2023-11-06,2.84,2.85,2.73,2.74,1254528
2023-11-07,2.74,2.795,2.67,2.68,2467803
2023-11-08,2.85,3.24,2.77,3.16,5197825
2023-11-09,3.15,3.165,2.87,2.93,2982228
2023-11-10,2.95,3.06,2.915,3.05,1631815
2023-11-13,3.04,3.29,3.01,3.22,2872563
2023-11-14,3.3,3.4691,3.26,3.43,3309967
2023-11-15,3.43,3.64,3.3737,3.58,3237015
2023-11-16,3.54,3.59,3.32,3.33,1834657
2023-11-17,3.37,3.55,3.35,3.54,2254756
2023-11-20,3.59,3.78,3.53,3.75,3056410
2023-11-21,3.7,3.71,3.53,3.54,2527857
2023-11-22,3.59,3.68,3.54,3.55,1440835
2023-11-24,3.52,3.66,3.52,3.61,785553
2023-11-27,3.64,3.64,3.55,3.61,1202180
2023-11-28,3.58,3.61,3.51,3.55,1301692
2023-11-29,3.63,3.67,3.57,3.59,859509
2023-11-30,3.6,3.62,3.51,3.61,1117792
2023-12-01,3.59,3.74,3.54,3.73,1089580
2023-12-04,3.7,3.74,3.59,3.62,1302241
2023-12-05,3.6,3.64,3.54,3.55,1068554
2023-12-06,3.58,3.66,3.53,3.53,930394
2023-12-07,3.57,3.57,3.5,3.54,1067867
2023-12-08,3.52,3.58,3.51,3.55,1036317
2023-12-11,3.52,3.61,3.52,3.58,1339966
2023-12-12,3.41,3.4465,3.21,3.28,2815895
2023-12-13,3.25,3.6,3.25,3.6,3163643
2023-12-14,3.56,3.8,3.56,3.7,4662952
2023-12-15,3.74,3.7424,3.515,3.55,3787318
2023-12-18,3.56,3.59,3.48,3.5,1939460
2023-12-19,3.52,3.605,3.51,3.57,1445919
2023-12-20,3.55,3.6,3.4,3.42,1482595
2023-12-21,3.46,3.53,3.42,3.49,1157896
2023-12-22,3.5,3.55,3.45,3.5,956581
2023-12-26,3.5,3.58,3.49,3.54,1462327
2023-12-27,3.54,3.5632,3.48,3.5,1088620
2023-12-28,3.47,3.535,3.46,3.51,948638
2023-12-29,3.5,3.56,3.44,3.47,1376169
2024-01-02,3.44,3.5,3.37,3.42,1039361
2024-01-03,3.35,3.36,3.21,3.24,1575932
2024-01-04,3.26,3.275,3.205,3.23,1211811
2024-01-05,3.22,3.258,3.1903,3.23,1666694
2024-01-08,3.24,3.29,3.215,3.26,1271406
2024-01-09,3.22,3.23,3.145,3.17,1841113
2024-01-10,3.19,3.31,3.13,3.29,1817895
2024-01-11,3.27,3.27,3.14,3.21,1830986
2024-01-12,3.25,3.36,3.2429,3.3,1518149
2024-01-16,3.28,3.28,3.17,3.2,1052594
2024-01-17,3.15,3.19,3.11,3.17,1074707
2024-01-18,3.18,3.23,3.06,3.08,913983
2024-01-19,3.1,3.15,3.01,3.13,904640
2024-01-22,3.14,3.26,3.14,3.25,1315096
2024-01-23,3.28,3.31,3.225,3.31,1209487
2024-01-24,3.35,3.395,3.23,3.24,920345
2024-01-25,3.29,3.32,3.21,3.24,687572
2024-01-26,3.27,3.32,3.2,3.2,615307
2024-01-29,3.2,3.22,3.13,3.22,833204
2024-01-30,3.18,3.18,3.09,3.09,734639
2024-01-31,3.08,3.15,2.98,2.98,1325861
2024-02-01,3.05,3.15,2.995,3.06,1563430
2024-02-02,3,3.02,2.94,2.96,1419640
2024-02-05,2.92,2.92,2.84,2.86,1683480
2024-02-06,2.86,3,2.85,2.99,989103
2024-02-07,3.03,3.03,2.89,2.9,1833379
2024-02-08,2.48,2.67,2.45,2.58,5828877
2024-02-09,2.57,2.62,2.5,2.57,2488658
2024-02-12,2.59,2.67,2.565,2.58,4680149
2024-02-13,2.57,2.57,2.39,2.39,4636134
2024-02-14,2.42,2.48,2.38,2.39,1961121
2024-02-15,2.39,2.52,2.39,2.49,2369948
2024-02-16,2.43,2.46,2.36,2.37,3005036
2024-02-20,2.38,2.39,2.26,2.26,2703249
2024-02-21,2.25,2.285,2.21,2.26,2307073
2024-02-22,2.28,2.28,2.165,2.18,2607933
2024-02-23,2.19,2.23,2.15,2.22,1333152
2024-02-26,2.22,2.24,2.18,2.24,1170189
2024-02-27,2.24,2.29,2.22,2.26,1207230
2024-02-28,2.25,2.35,2.22,2.31,2398996
2024-02-29,2.35,2.42,2.31,2.34,1810813
2024-03-01,2.34,2.4,2.3106,2.37,1097093
2024-03-04,2.36,2.361,2.27,2.31,1639232
2024-03-05,2.31,2.32,2.22,2.22,1895349
2024-03-06,2.26,2.295,2.23,2.25,1350854
2024-03-07,2.27,2.32,2.255,2.3,918196
2024-03-08,2.31,2.385,2.31,2.35,1391937
2024-03-11,2.33,2.38,2.31,2.34,1359793
2024-03-12,2.33,2.335,2.24,2.25,1339828
2024-03-13,2.25,2.2889,2.2,2.22,1890227
2024-03-14,2.23,2.23,2.13,2.14,2604797
2024-03-15,2.14,2.235,2.13,2.22,3969864
2024-03-18,2.23,2.23,2.16,2.17,2383194
2024-03-19,2.17,2.2,2.14,2.14,1956652
2024-03-20,2.17,2.35,2.12,2.33,4026354
2024-03-21,2.35,2.38,2.275,2.33,1712679
2024-03-22,2.3,2.4,2.3,2.32,1942986
2024-03-25,2.33,2.3791,2.27,2.27,1405289
2024-03-26,2.29,2.3108,2.21,2.21,1601211
2024-03-27,2.21,2.275,2.19,2.23,2133106
2024-03-28,2.24,2.31,2.21,2.23,2185867
2024-04-01,2.26,2.32,2.24,2.25,1375599
2024-04-02,2.22,2.22,2.12,2.15,1516291
2024-04-03,2.14,2.17,2.11,2.17,1125832
2024-04-04,2.19,2.24,2.07,2.11,2008872
2024-04-05,2.11,2.11,2.02,2.04,2674624
2024-04-08,2.08,2.09,2.05,2.06,1035995
2024-04-09,2.06,2.1,2.02,2.04,1488277
2024-04-10,2.02,2.02,1.91,1.93,2847534
2024-04-11,1.94,1.945,1.87,1.88,2318051
2024-04-12,1.88,1.8982,1.805,1.82,2628603
2024-04-15,1.83,1.86,1.755,1.76,2279573
2024-04-16,1.76,1.83,1.6808,1.77,3115517
2024-04-17,1.78,1.84,1.74,1.76,3321311
2024-04-18,1.76,1.8,1.74,1.75,1741322
2024-04-19,1.73,1.78,1.685,1.7,2081133
2024-04-22,1.73,1.73,1.67,1.69,1932908
2024-04-23,1.68,1.8,1.67,1.79,2152755
2024-04-24,1.81,1.815,1.735,1.77,1750101
2024-04-25,1.73,1.74,1.7,1.71,1441091
2024-04-26,1.72,1.74,1.7,1.73,1056110
2024-04-29,1.73,1.79,1.72,1.78,1485439
2024-04-30,1.78,1.79,1.73,1.73,1432897
2024-05-01,1.75,1.91,1.74,1.86,2303901
2024-05-02,1.89,1.92,1.84,1.91,1193781
2024-05-03,1.95,1.98,1.9,1.92,1039760
2024-05-06,1.92,1.96,1.85,1.91,1691774
2024-05-07,1.9,1.945,1.82,1.84,2849156
2024-05-08,1.78,1.79,1.645,1.705,3149171
2024-05-09,1.71,1.72,1.69,1.715,1077423
2024-05-10,1.72,1.73,1.58,1.59,3628013
2024-05-13,1.66,1.749,1.62,1.66,2912596
2024-05-14,1.74,1.85,1.74,1.77,2690494
2024-05-15,1.8,1.8,1.7,1.7,1483390
2024-05-16,1.71,1.71,1.65,1.65,2552523
2024-05-17,1.65,1.67,1.62,1.62,1858077
2024-05-20,1.64,1.65,1.555,1.56,2849307
2024-05-21,1.6,1.61,1.55,1.57,2030250
2024-05-22,1.57,1.59,1.54,1.56,1970302
2024-05-23,1.56,1.57,1.47,1.49,3116554
2024-05-24,1.49,1.56,1.48,1.54,1781100
2024-05-28,1.54,1.59,1.53,1.55,1554280
2024-05-29,1.56,1.56,1.5,1.51,1319462
2024-05-30,1.52,1.55,1.5,1.52,1355834
2024-05-31,1.53,1.55,1.5,1.52,4290408
2024-06-03,1.55,1.56,1.5,1.5,1449772
2024-06-04,1.52,1.52,1.46,1.49,1723099
2024-06-05,1.49,1.5,1.45,1.48,1714493
2024-06-06,1.48,1.51,1.46,1.48,1695394
2024-06-07,1.48,1.48,1.44,1.46,1511397
2024-06-10,1.44,1.54,1.42,1.52,2274786
2024-06-11,1.52,1.66,1.4923,1.64,3628746
2024-06-12,1.64,1.68,1.55,1.58,2050814
2024-06-13,1.58,1.58,1.48,1.48,1489998
2024-06-14,1.49,1.49,1.37,1.37,2327425
2024-06-17,1.39,1.4,1.32,1.37,1853263
2024-06-18,1.37,1.39,1.33,1.33,2098891
2024-06-20,1.34,1.39,1.31,1.37,2390866
2024-06-21,1.38,1.41,1.35,1.37,2773701
2024-06-24,1.38,1.395,1.34,1.35,1992115
2024-06-25,1.35,1.35,1.3,1.31,2066870
2024-06-26,1.31,1.335,1.3,1.31,1118782
2024-06-27,1.32,1.33,1.28,1.31,1307483
2024-06-28,1.33,1.43,1.29,1.42,5230563
2024-07-01,1.41,1.41,1.35,1.39,1527482
2024-07-02,1.38,1.3959,1.32,1.35,1661279
2024-07-03,1.34,1.4,1.34,1.4,1219581
2024-07-05,1.38,1.39,1.355,1.39,1570553
2024-07-08,1.38,1.43,1.3705,1.42,1548856
2024-07-09,1.41,1.54,1.39,1.54,2727832
2024-07-10,1.54,1.58,1.49,1.52,1744629
2024-07-11,1.55,1.64,1.55,1.64,2421489
2024-07-12,1.64,1.66,1.59,1.64,1715006
2024-07-15,1.64,1.68,1.61,1.64,1710185
2024-07-16,1.66,1.76,1.6449,1.76,2229773
2024-07-17,1.7,1.76,1.62,1.67,1643929
2024-07-18,1.65,1.7,1.56,1.57,1679645
2024-07-19,1.59,1.59,1.5205,1.58,1166163
2024-07-22,1.61,1.615,1.54,1.6,1091331
2024-07-23,1.58,1.62,1.56,1.59,1185255
2024-07-24,1.58,1.625,1.55,1.56,1210984
2024-07-25,1.55,1.62,1.51,1.58,1379310
2024-07-26,1.63,1.63,1.555,1.58,893220
2024-07-29,1.58,1.6,1.52,1.55,1003821
2024-07-30,1.55,1.58,1.5,1.52,1064502
2024-07-31,1.53,1.57,1.48,1.52,1459015
2024-08-01,1.51,1.54,1.42,1.44,1727407
2024-08-02,1.39,1.42,1.36,1.36,1405776
2024-08-05,1.3,1.35,1.27,1.32,1449363
2024-08-06,1.34,1.35,1.28,1.32,1766051
2024-08-07,1.32,1.32,1.16,1.16,3697503
2024-08-08,1.2,1.26,1.18,1.22,1679960
2024-08-09,1.23,1.24,1.17,1.2,1918993
2024-08-12,1.2,1.21,1.18,1.195,1876277
2024-08-13,1.19,1.3,1.19,1.28,1732883
2024-08-14,1.26,1.29,1.17,1.18,2057873
2024-08-15,1.2,1.29,1.2,1.25,2175042
2024-08-16,1.22,1.27,1.22,1.24,1709560
2024-08-19,1.25,1.32,1.245,1.31,2047485
2024-08-20,1.31,1.34,1.3,1.32,1376490
2024-08-21,1.32,1.34,1.3,1.31,881871
2024-08-22,1.31,1.32,1.25,1.26,982431
2024-08-23,1.27,1.36,1.27,1.34,1331782
2024-08-26,1.34,1.3486,1.29,1.29,1602995
2024-08-27,1.28,1.29,1.25,1.27,1021802
2024-08-28,1.27,1.31,1.24,1.24,977685
2024-08-29,1.25,1.33,1.2447,1.31,1278848
2024-08-30,1.29,1.31,1.25,1.28,1195453
2024-09-03,1.28,1.29,1.21,1.23,1364760
2024-09-04,1.25,1.28,1.22,1.24,860479
2024-09-05,1.255,1.29,1.24,1.26,1237810
2024-09-06,1.25,1.28,1.21,1.22,971207
2024-09-09,1.22,1.29,1.215,1.26,1216413
2024-09-10,1.25,1.275,1.22,1.26,936294
2024-09-11,1.26,1.275,1.23,1.27,1045619
2024-09-12,1.27,1.32,1.25,1.3,1081773
2024-09-13,1.3,1.38,1.3,1.35,1668395
2024-09-16,1.34,1.36,1.311,1.34,842441
2024-09-17,1.35,1.37,1.33,1.35,983088
2024-09-18,1.37,1.42,1.31,1.34,1182260
2024-09-19,1.4,1.4,1.37,1.39,560293
2024-09-20,1.37,1.38,1.3,1.3,2311855
2024-09-23,1.32,1.33,1.28,1.31,1050781
2024-09-24,1.32,1.36,1.3,1.32,815541
2024-09-25,1.31,1.33,1.27,1.28,985222
2024-09-26,1.29,1.325,1.28,1.3,1045358
2024-09-27,1.28,1.35,1.28,1.33,910969
2024-09-30,1.33,1.38,1.3199,1.36,767401
2024-10-01,1.36,1.37,1.34,1.34,860798
2024-10-02,1.36,1.36,1.32,1.33,635350
2024-10-03,1.33,1.33,1.29,1.29,550775
2024-10-04,1.3,1.34,1.29,1.3,1358670
2024-10-07,1.31,1.34,1.28,1.31,958549
2024-10-08,1.3,1.31,1.28,1.3,625073
2024-10-09,1.3,1.31,1.28,1.29,536733
2024-10-10,1.28,1.285,1.25,1.26,970449
2024-10-11,1.26,1.29,1.26,1.29,650188
2024-10-14,1.29,1.29,1.2518,1.28,677583
2024-10-15,1.28,1.29,1.25,1.26,829208
2024-10-16,1.26,1.29,1.26,1.29,664656
2024-10-17,1.3,1.3,1.25,1.27,722346
2024-10-18,1.26,1.31,1.26,1.31,703457
2024-10-21,1.3,1.32,1.2964,1.31,604349
2024-10-22,1.31,1.37,1.305,1.37,975193
2024-10-23,1.34,1.34,1.31,1.33,670535
2024-10-24,1.33,1.37,1.31,1.32,799898
2024-10-25,1.32,1.34,1.3,1.3,678237
2024-10-28,1.3,1.37,1.3,1.37,807216
2024-10-29,1.35,1.56,1.34,1.56,3059094
2024-10-30,1.53,1.54,1.35,1.36,1764964
2024-10-31,1.36,1.385,1.33,1.35,861539
2024-11-01,1.37,1.4,1.33,1.37,834861
2024-11-04,1.36,1.4187,1.33,1.34,1066793
2024-11-05,1.34,1.41,1.33,1.4,1256338
2024-11-06,1.44,1.48,1.39,1.44,1919225
2024-11-07,1.44,1.495,1.39,1.45,2261363
2024-11-08,1.4,1.69,1.39,1.57,4179718
2024-11-11,1.56,1.69,1.53,1.65,3354694
2024-11-12,1.61,1.62,1.415,1.44,2391730
2024-11-13,1.42,1.43,1.33,1.35,2352693
2024-11-14,1.35,1.35,1.23,1.25,3712438
2024-11-15,1.3,1.3,1.2,1.21,2159857
2024-11-18,1.22,1.23,1.17,1.19,2520871
2024-11-19,1.2,1.2,1.16,1.16,2821317
2024-11-20,1.18,1.19,1.12,1.13,2524741
2024-11-21,1.13,1.22,1.13,1.2,3459629
2024-11-22,1.22,1.23,1.2,1.22,1538465
2024-11-25,1.23,1.29,1.225,1.25,2096192
2024-11-26,1.24,1.25,1.18,1.19,1701277
2024-11-27,1.2,1.24,1.19,1.19,1207834
2024-11-29,1.21,1.24,1.2,1.23,810932
2024-12-02,1.23,1.26,1.22,1.25,1500457
2024-12-03,1.23,1.25,1.21,1.25,1541757
2024-12-04,1.25,1.26,1.22,1.25,1278323
2024-12-05,1.24,1.25,1.2,1.21,1246367
2024-12-06,1.21,1.25,1.2,1.25,2116463
2024-12-09,1.25,1.36,1.24,1.34,3094624
2024-12-10,1.34,1.34,1.25,1.26,1436737
2024-12-11,1.27,1.295,1.24,1.25,1414380
2024-12-12,1.25,1.27,1.21,1.22,1445419
2024-12-13,1.225,1.24,1.2,1.2,1199863
2024-12-16,1.2,1.21,1.17,1.17,1743360
2024-12-17,1.18,1.1899,1.135,1.16,1675029
2024-12-18,1.187,1.19,1.09,1.1,2194509
2024-12-19,1.14,1.14,1.08,1.1,1716241
2024-12-20,1.09,1.14,1.08,1.09,2589452
2024-12-23,1.1,1.13,1.09,1.09,1659362
2024-12-24,1.12,1.12,1.07,1.1,1381253
2024-12-26,1.07,1.14,1.07,1.11,1276932
2024-12-27,1.12,1.12,1.08,1.11,1053716
2024-12-30,1.1,1.13,1.08,1.12,1400065
2024-12-31,1.12,1.13,1.08,1.09,1433833
2025-01-02,1.09,1.13,1.09,1.1,994275
2025-01-03,1.09,1.14,1.09,1.14,1474055
2025-01-06,1.14,1.185,1.135,1.15,1449847
2025-01-07,1.16,1.18,1.12,1.13,1008850
2025-01-08,1.12,1.13,1.08,1.1,1536353
2025-01-10,1.095,1.1,1.06,1.08,1741637
2025-01-13,1.07,1.08,1.03,1.07,1558730
2025-01-14,1.07,1.08,1.04,1.05,1080351
2025-01-15,1.055,1.08,1.05,1.06,1487922
2025-01-16,1.07,1.08,1.05,1.07,1116657
2025-01-17,1.07,1.08,1.05,1.05,1125147
2025-01-21,1.05,1.1,1.05,1.1,1385800
2025-01-22,1.09,1.12,1.07,1.07,1036933
2025-01-23,1.07,1.08,1.05,1.06,1233743
2025-01-24,1.07,1.07,1.04,1.04,1915892
2025-01-27,1.04,1.06,1.03,1.03,1507461
2025-01-28,1.03,1.04,1,1.01,1622427
2025-01-29,1.01,1.02,1,1.01,1668029
2025-01-30,1.01,1.04,1,1,1133285
2025-01-31,1,1.03,0.9701,0.9721,2736978
2025-02-03,0.93,0.9499,0.886,0.888,4549602
2025-02-04,0.911,0.968,0.9004,0.9668,2680273
2025-02-05,1,1.1,0.96,1.09,5649960
2025-02-06,1.11,1.14,1.05,1.08,5453008
2025-02-07,0.89,0.94,0.852,0.8988,10395600
2025-02-10,0.9,0.91,0.865,0.88,6265648
2025-02-11,0.8656,0.88,0.7902,0.7954,6797695
2025-02-12,0.799,0.8019,0.77,0.8012,5085837
2025-02-13,0.8139,0.8414,0.773,0.83,3927936
2025-02-14,0.84,0.8633,0.7901,0.7968,3411632
2025-02-18,0.798,0.8986,0.7812,0.8898,8304693
2025-02-19,0.8788,0.88,0.8234,0.8455,3649101
2025-02-20,0.8454,0.8469,0.81,0.8251,2017190
2025-02-21,0.835,0.835,0.7817,0.7817,3574831
2025-02-24,0.79,0.8,0.7551,0.7892,2556359
2025-02-25,0.79,0.7979,0.76,0.7819,3129578
2025-02-26,0.8,0.81,0.78,0.78,2896173
2025-02-27,0.7734,0.7874,0.7502,0.76,2979968
2025-02-28,0.7673,0.7673,0.732,0.7464,2063822
2025-03-03,0.751,0.7549,0.7208,0.7229,2751373
2025-03-04,0.71,0.7484,0.681,0.73,3127419
2025-03-05,0.7287,0.746,0.7132,0.7259,1467563
2025-03-06,0.712,0.7418,0.6952,0.7201,3251781
2025-03-07,0.72,0.7471,0.71,0.7363,4176943
2025-03-10,0.73,0.75,0.692,0.6923,4601447
2025-03-11,0.693,0.6943,0.6382,0.6606,5790111
2025-03-12,0.675,0.73,0.6402,0.7183,5189530
2025-03-13,0.7116,0.7138,0.6853,0.69,3205465
2025-03-14,0.7,0.72,0.6751,0.7132,3048050
2025-03-17,0.7226,0.7563,0.7195,0.7525,12043020
2025-03-18,0.7539,0.7626,0.732,0.76,8145607
2025-03-19,0.76,0.7897,0.7595,0.782,8074297
2025-03-20,0.7753,0.8178,0.76,0.781,7782060
2025-03-21,0.791,0.8535,0.7501,0.841,16257510
2025-03-24,0.85,0.8639,0.8,0.8115,8453973
2025-03-25,0.82,0.82,0.7579,0.7613,6403313
2025-03-26,0.76,0.7655,0.722,0.7318,5143497
2025-03-27,0.736,0.7471,0.7112,0.7306,3987009
2025-03-28,0.752,0.7521,0.69,0.6903,2345488
2025-03-31,0.6873,0.69,0.653,0.6629,2195603
2025-04-01,0.6631,0.6731,0.6417,0.6507,2529783
2025-04-02,0.65,0.665,0.6201,0.6233,3272876
2025-04-03,0.61,0.6206,0.548,0.548,4995768
2025-04-04,0.5321,0.5453,0.4601,0.5043,7906805
2025-04-07,0.4806,0.5375,0.45,0.5188,4634913
2025-04-08,0.5458,0.547,0.4805,0.4862,5206880
2025-04-09,0.47,0.513,0.398,0.4898,15310820
2025-04-10,0.4899,0.5,0.4601,0.4812,2855965
2025-04-11,0.49,0.51,0.4714,0.4956,4371721
2025-04-14,0.5187,0.5563,0.5,0.5111,4735858
2025-04-15,0.5159,0.5286,0.5015,0.5234,2597243
2025-04-16,0.5196,0.5493,0.5102,0.5233,4582933
2025-04-17,0.5243,0.5432,0.5139,0.5255,1881858
2025-04-21,0.5243,0.5244,0.4827,0.4942,1379882
2025-04-22,0.51,0.5189,0.4851,0.4945,2515318
2025-04-23,0.5119,0.583,0.51,0.5426,7991930
2025-04-24,0.625,0.6563,0.5827,0.6426,9353420
2025-04-25,0.6709,0.6715,0.6047,0.6325,5136103
2025-04-28,0.6351,0.658,0.5879,0.6013,3240627
2025-04-29,0.62,0.62,0.5776,0.6018,3013651
2025-04-30,0.582,0.5861,0.54,0.576,2762703
2025-05-01,0.5801,0.5948,0.5715,0.5892,1762639
2025-05-02,0.6,0.6043,0.57,0.595,1808835
2025-05-05,0.5929,0.61,0.5815,0.5867,1535535
2025-05-06,0.5815,0.5899,0.5535,0.5624,1397855
2025-05-07,0.5785,0.612,0.5586,0.5926,3811976
2025-05-08,0.6,0.6224,0.5926,0.608,3536364
2025-05-09,0.6109,0.6383,0.601,0.6152,2220641
2025-05-12,0.65,0.65,0.5936,0.6159,3342627
2025-05-13,0.5852,0.6062,0.54,0.6025,4720194
2025-05-14,0.6162,0.665,0.605,0.6104,5222835
2025-05-15,0.5779,0.6136,0.5511,0.6038,3400398
2025-05-16,0.6,0.618,0.5901,0.6083,1930687
2025-05-19,0.605,0.6167,0.585,0.605,2683565
2025-05-20,0.6152,0.6251,0.5964,0.62,3143015
2025-05-21,0.6,0.6162,0.5863,0.5934,2736793
2025-05-22,0.5862,0.6,0.57,0.5873,1691665
2025-05-23,0.5684,0.5871,0.5651,0.5767,1943156